time,temperature,rain,cloud_cover,relative_humidity
2026-01-01T00:00,6.4,0.00,100,79
2026-01-01T01:00,6.3,0.00,94,80
2026-01-01T02:00,6.3,0.00,98,80
2026-01-01T03:00,6.6,0.00,100,79
2026-01-01T04:00,6.8,0.00,100,78
2026-01-01T05:00,6.7,0.00,100,79
2026-01-01T06:00,6.5,0.10,100,78
2026-01-01T07:00,6.2,0.30,100,81
2026-01-01T08:00,6.2,0.30,100,81
2026-01-01T09:00,6.6,0.60,100,82
2026-01-01T10:00,6.8,0.50,100,83
2026-01-01T11:00,7.7,0.10,100,80
2026-01-01T12:00,7.6,0.10,100,83
2026-01-01T13:00,9.9,0.00,100,78
2026-01-01T14:00,9.4,0.30,100,77
2026-01-01T15:00,9.2,0.10,100,78
2026-01-01T16:00,9.2,0.10,100,77
2026-01-01T17:00,9.1,0.00,100,77
2026-01-01T18:00,9.4,0.00,100,77
2026-01-01T19:00,9.4,0.00,100,77
2026-01-01T20:00,9.3,0.00,100,78
2026-01-01T21:00,9.4,0.90,100,79
2026-01-01T22:00,9.3,0.00,100,82
2026-01-01T23:00,10.4,0.00,100,77
2026-01-02T00:00,9.9,0.00,100,78
2026-01-02T01:00,10.6,0.00,100,76
2026-01-02T02:00,11.3,0.00,100,74
2026-01-02T03:00,12.2,0.00,100,73
2026-01-02T04:00,12.9,0.10,100,73
2026-01-02T05:00,11.9,0.20,100,75
2026-01-02T06:00,12.3,0.20,100,75
2026-01-02T07:00,12.4,0.00,100,76
2026-01-02T08:00,13.3,0.00,100,73
2026-01-02T09:00,14.4,0.00,100,68
2026-01-02T10:00,15.1,0.00,100,66
2026-01-02T11:00,15.9,0.00,100,65
2026-01-02T12:00,15.4,0.00,100,68
2026-01-02T13:00,15.7,0.00,100,68
2026-01-02T14:00,15.9,0.00,100,68
2026-01-02T15:00,15.4,0.10,99,71
2026-01-02T16:00,14.6,0.10,100,72
2026-01-02T17:00,13.6,0.10,38,77
2026-01-02T18:00,12.9,0.00,24,78
2026-01-02T19:00,12.7,0.00,36,77
2026-01-02T20:00,12.6,0.00,39,77
2026-01-02T21:00,12.6,0.10,91,78
2026-01-02T22:00,12.6,0.00,100,78
2026-01-02T23:00,12.2,0.00,100,79
2026-01-03T00:00,13.4,0.40,99,75
2026-01-03T01:00,13.3,0.00,100,75
2026-01-03T02:00,13.2,0.00,100,74
2026-01-03T03:00,13.4,0.00,100,72
2026-01-03T04:00,13.4,0.00,100,71
2026-01-03T05:00,12.7,0.00,99,74
2026-01-03T06:00,12.6,0.00,99,76
2026-01-03T07:00,12.6,0.00,100,77
2026-01-03T08:00,12.4,0.00,45,77
2026-01-03T09:00,12.6,0.00,23,76
2026-01-03T10:00,13.9,0.00,20,71
2026-01-03T11:00,15.4,0.00,41,67
2026-01-03T12:00,16.3,0.00,11,67
2026-01-03T13:00,17.0,0.00,77,64
2026-01-03T14:00,17.0,0.10,85,64
2026-01-03T15:00,16.6,0.00,94,65
2026-01-03T16:00,16.1,0.00,98,67
2026-01-03T17:00,14.9,0.00,52,67
2026-01-03T18:00,13.9,0.00,95,75
2026-01-03T19:00,13.6,0.10,95,77
2026-01-03T20:00,13.6,0.20,94,79
2026-01-03T21:00,13.4,0.00,50,80
2026-01-03T22:00,13.1,0.00,52,80
2026-01-03T23:00,12.9,0.00,84,80
2026-01-04T00:00,12.9,0.00,98,82
2026-01-04T01:00,13.1,0.00,89,82
2026-01-04T02:00,12.9,0.00,100,81
2026-01-04T03:00,13.0,0.00,97,79
2026-01-04T04:00,12.9,0.00,82,77
2026-01-04T05:00,12.3,0.00,47,77
2026-01-04T06:00,12.4,0.00,100,76
2026-01-04T07:00,11.9,0.00,99,74
2026-01-04T08:00,11.1,0.00,37,74
2026-01-04T09:00,11.1,0.00,98,71
2026-01-04T10:00,11.9,0.00,84,67
2026-01-04T11:00,12.5,0.00,99,64
2026-01-04T12:00,13.2,0.00,52,61
2026-01-04T13:00,13.5,0.00,23,58
2026-01-04T14:00,13.8,0.00,36,57
2026-01-04T15:00,13.6,0.00,16,56
2026-01-04T16:00,12.8,0.00,23,57
2026-01-04T17:00,11.5,0.00,28,61
2026-01-04T18:00,10.6,0.00,95,65
2026-01-04T19:00,10.3,0.00,95,58
2026-01-04T20:00,9.7,0.00,100,52
2026-01-04T21:00,9.1,0.00,100,49
2026-01-04T22:00,8.8,0.00,100,51
2026-01-04T23:00,8.3,0.00,100,56
2026-01-05T00:00,8.2,0.00,98,57
2026-01-05T01:00,8.1,0.00,100,59
2026-01-05T02:00,7.8,0.00,96,62
2026-01-05T03:00,7.2,0.00,83,65
2026-01-05T04:00,6.7,0.00,23,66
2026-01-05T05:00,5.4,0.00,18,68
2026-01-05T06:00,4.8,0.00,5,70
2026-01-05T07:00,4.1,0.00,3,74
2026-01-05T08:00,3.5,0.00,5,77
2026-01-05T09:00,3.8,0.00,0,76
2026-01-05T10:00,5.3,0.00,0,69
2026-01-05T11:00,7.0,0.00,0,61
2026-01-05T12:00,8.0,0.00,0,56
2026-01-05T13:00,8.6,0.00,0,54
2026-01-05T14:00,8.9,0.00,0,55
2026-01-05T15:00,9.3,0.00,1,56
2026-01-05T16:00,9.0,0.10,66,58
2026-01-05T17:00,8.0,0.00,100,65
2026-01-05T18:00,7.3,0.00,37,72
2026-01-05T19:00,6.9,0.00,0,76
2026-01-05T20:00,6.1,0.00,4,75
2026-01-05T21:00,5.7,0.00,1,74
2026-01-05T22:00,5.4,0.00,0,76
2026-01-05T23:00,5.2,0.00,2,78
2026-01-06T00:00,5.2,0.00,5,78
2026-01-06T01:00,5.0,0.00,2,78
2026-01-06T02:00,4.7,0.00,3,78
2026-01-06T03:00,4.7,0.00,2,77
2026-01-06T04:00,4.5,0.00,1,77
2026-01-06T05:00,4.4,0.00,2,77
2026-01-06T06:00,4.0,0.00,1,79
2026-01-06T07:00,3.7,0.00,0,80
2026-01-06T08:00,3.5,0.00,0,79
2026-01-06T09:00,4.2,0.00,0,76
2026-01-06T10:00,5.8,0.00,1,73
2026-01-06T11:00,7.5,0.00,6,65
2026-01-06T12:00,8.8,0.00,41,59
2026-01-06T13:00,9.4,0.00,98,55
2026-01-06T14:00,9.1,0.00,100,57
2026-01-06T15:00,9.4,0.00,100,55
2026-01-06T16:00,9.4,0.00,98,60
2026-01-06T17:00,8.8,0.00,74,68
2026-01-06T18:00,8.1,0.00,100,70
2026-01-06T19:00,7.9,0.00,100,71
2026-01-06T20:00,8.1,0.00,100,72
2026-01-06T21:00,7.7,0.00,100,77
2026-01-06T22:00,7.2,0.00,100,78
2026-01-06T23:00,6.5,0.50,100,86
2026-01-07T00:00,7.1,0.10,100,82
2026-01-07T01:00,6.8,0.00,100,82
2026-01-07T02:00,7.2,0.50,100,83
2026-01-07T03:00,6.8,0.60,100,86
2026-01-07T04:00,6.5,0.60,100,89
2026-01-07T05:00,6.8,1.90,100,92
2026-01-07T06:00,6.8,0.80,94,90
2026-01-07T07:00,7.4,0.00,47,89
2026-01-07T08:00,7.3,0.00,41,91
2026-01-07T09:00,8.0,0.00,47,90
2026-01-07T10:00,9.1,0.00,5,89
2026-01-07T11:00,10.4,0.00,2,85
2026-01-07T12:00,11.2,0.00,7,78
2026-01-07T13:00,11.8,0.00,67,74
2026-01-07T14:00,11.8,0.10,92,74
2026-01-07T15:00,11.9,0.10,67,73
2026-01-07T16:00,11.8,0.00,80,78
2026-01-07T17:00,11.1,0.00,61,84
2026-01-07T18:00,11.1,0.00,100,81
2026-01-07T19:00,11.1,0.00,99,75
2026-01-07T20:00,10.4,0.00,8,77
2026-01-07T21:00,9.4,0.00,58,82
2026-01-07T22:00,9.1,0.00,94,83
2026-01-07T23:00,7.9,0.00,30,89
2026-01-08T00:00,6.6,0.00,95,97
2026-01-08T01:00,6.4,0.00,92,97
2026-01-08T02:00,6.8,0.00,100,96
2026-01-08T03:00,7.8,0.00,100,91
2026-01-08T04:00,8.4,0.00,93,88
2026-01-08T05:00,9.0,0.00,100,85
2026-01-08T06:00,9.2,0.00,100,85
2026-01-08T07:00,9.6,0.00,100,84
2026-01-08T08:00,9.7,0.10,100,84
2026-01-08T09:00,9.9,0.20,100,84
2026-01-08T10:00,10.1,0.30,100,85
2026-01-08T11:00,10.4,0.20,100,87
2026-01-08T12:00,11.4,0.00,100,88
2026-01-08T13:00,11.7,0.20,100,89
2026-01-08T14:00,13.0,0.20,100,86
2026-01-08T15:00,13.0,0.80,100,87
2026-01-08T16:00,13.2,0.30,100,88
2026-01-08T17:00,12.9,0.50,100,88
2026-01-08T18:00,12.9,0.40,100,89
2026-01-08T19:00,13.1,0.80,100,86
2026-01-08T20:00,12.8,2.10,100,93
2026-01-08T21:00,13.1,1.40,100,92
2026-01-08T22:00,13.3,0.70,100,93
2026-01-08T23:00,13.4,0.80,100,94
2026-01-09T00:00,12.9,1.00,28,94
2026-01-09T01:00,12.2,0.00,13,92
2026-01-09T02:00,11.8,0.00,45,91
2026-01-09T03:00,11.5,0.00,54,90
2026-01-09T04:00,11.4,0.00,34,88
2026-01-09T05:00,11.3,0.00,34,88
2026-01-09T06:00,11.0,0.00,47,87
2026-01-09T07:00,11.0,0.00,88,87
2026-01-09T08:00,11.4,0.00,73,82
2026-01-09T09:00,11.7,0.00,32,75
2026-01-09T10:00,12.4,0.00,93,71
2026-01-09T11:00,13.1,0.00,53,66
2026-01-09T12:00,12.6,0.10,48,76
2026-01-09T13:00,12.6,0.10,91,75
2026-01-09T14:00,12.9,0.20,100,71
2026-01-09T15:00,12.6,0.10,100,71
2026-01-09T16:00,12.0,0.00,81,75
2026-01-09T17:00,11.1,0.00,84,81
2026-01-09T18:00,10.6,0.10,63,85
2026-01-09T19:00,10.6,0.00,34,84
2026-01-09T20:00,10.3,0.00,54,84
2026-01-09T21:00,10.5,0.00,100,79
2026-01-09T22:00,10.9,0.00,96,74
2026-01-09T23:00,10.9,0.00,98,73
2026-01-10T00:00,8.9,0.00,60,86
2026-01-10T01:00,8.1,0.00,40,89
2026-01-10T02:00,7.4,0.00,50,92
2026-01-10T03:00,6.9,0.00,54,94
2026-01-10T04:00,6.6,0.00,100,95
2026-01-10T05:00,6.7,0.00,100,94
2026-01-10T06:00,6.4,0.00,100,93
2026-01-10T07:00,6.2,0.00,100,93
2026-01-10T08:00,5.9,0.00,100,92
2026-01-10T09:00,6.2,0.00,100,92
2026-01-10T10:00,8.1,0.00,100,89
2026-01-10T11:00,10.1,0.00,100,83
2026-01-10T12:00,11.4,0.00,100,78
2026-01-10T13:00,11.9,0.00,100,75
2026-01-10T14:00,12.2,0.00,100,72
2026-01-10T15:00,12.2,0.00,95,72
2026-01-10T16:00,11.9,0.00,51,74
2026-01-10T17:00,10.9,0.00,99,83
2026-01-10T18:00,11.2,0.00,100,82
2026-01-10T19:00,10.8,0.00,100,84
2026-01-10T20:00,10.6,0.00,100,81
2026-01-10T21:00,10.1,0.00,100,78
2026-01-10T22:00,10.3,0.00,100,77
2026-01-10T23:00,10.6,0.00,100,78
2026-01-11T00:00,10.8,0.00,100,81
2026-01-11T01:00,11.1,0.00,100,80
2026-01-11T02:00,11.1,0.00,100,81
2026-01-11T03:00,11.1,0.00,100,82
2026-01-11T04:00,11.3,0.00,100,83
2026-01-11T05:00,11.3,0.00,100,84
2026-01-11T06:00,11.2,0.00,100,87
2026-01-11T07:00,11.2,0.00,100,88
2026-01-11T08:00,11.2,0.10,100,88
2026-01-11T09:00,11.5,0.10,100,89
2026-01-11T10:00,11.8,0.10,100,88
2026-01-11T11:00,12.2,0.10,100,88
2026-01-11T12:00,12.8,0.00,100,90
2026-01-11T13:00,13.1,0.10,100,89
2026-01-11T14:00,13.2,0.10,100,89
2026-01-11T15:00,13.4,0.10,100,89
2026-01-11T16:00,13.2,0.10,100,90
2026-01-11T17:00,12.9,0.10,100,93
2026-01-11T18:00,12.9,0.10,100,96
2026-01-11T19:00,12.9,0.20,100,95
2026-01-11T20:00,12.6,0.10,100,96
2026-01-11T21:00,12.5,0.20,100,94
2026-01-11T22:00,12.4,0.20,100,95
2026-01-11T23:00,12.4,0.10,100,95
2026-01-12T00:00,12.2,0.20,100,96
2026-01-12T01:00,12.3,0.40,100,95
2026-01-12T02:00,12.2,0.10,100,96
2026-01-12T03:00,12.2,0.30,100,96
2026-01-12T04:00,12.3,0.40,100,95
2026-01-12T05:00,12.2,0.40,100,95
2026-01-12T06:00,12.4,0.30,100,95
2026-01-12T07:00,12.1,0.70,100,95
2026-01-12T08:00,12.1,0.60,100,95
2026-01-12T09:00,12.2,0.10,100,92
2026-01-12T10:00,12.3,0.00,100,90
2026-01-12T11:00,12.7,0.00,100,85
2026-01-12T12:00,12.8,0.00,100,81
2026-01-12T13:00,13.4,0.00,100,76
2026-01-12T14:00,13.6,0.00,100,74
2026-01-12T15:00,13.6,0.00,100,75
2026-01-12T16:00,13.4,0.10,100,75
2026-01-12T17:00,13.6,0.00,100,73
2026-01-12T18:00,13.5,0.00,100,73
2026-01-12T19:00,13.6,0.00,100,71
2026-01-12T20:00,13.6,0.00,100,71
2026-01-12T21:00,13.4,0.00,100,71
2026-01-12T22:00,13.1,0.00,100,72
2026-01-12T23:00,13.1,0.00,100,72
2026-01-13T00:00,12.6,0.10,100,74
2026-01-13T01:00,12.0,1.30,100,81
2026-01-13T02:00,11.8,1.30,100,83
2026-01-13T03:00,11.7,1.00,100,84
2026-01-13T04:00,11.7,0.80,100,83
2026-01-13T05:00,11.7,0.90,100,84
2026-01-13T06:00,11.8,1.10,100,85
2026-01-13T07:00,11.4,2.80,100,92
2026-01-13T08:00,11.5,1.70,100,90
2026-01-13T09:00,11.6,0.50,100,93
2026-01-13T10:00,11.7,1.10,100,93
2026-01-13T11:00,12.0,0.70,100,92
2026-01-13T12:00,12.0,2.80,100,88
2026-01-13T13:00,12.1,0.30,77,85
2026-01-13T14:00,11.9,0.20,82,85
2026-01-13T15:00,11.9,0.10,73,87
2026-01-13T16:00,11.7,0.20,45,88
2026-01-13T17:00,11.1,1.30,81,90
2026-01-13T18:00,11.3,0.20,91,88
2026-01-13T19:00,10.1,1.20,100,97
2026-01-13T20:00,10.4,0.10,99,95
2026-01-13T21:00,10.2,0.10,100,95
2026-01-13T22:00,10.2,0.00,98,95
2026-01-13T23:00,9.9,0.10,93,95
2026-01-14T00:00,10.0,0.00,75,95
2026-01-14T01:00,9.7,0.10,80,96
2026-01-14T02:00,9.8,0.10,98,95
2026-01-14T03:00,9.6,0.10,84,96
2026-01-14T04:00,9.6,0.00,33,95
2026-01-14T05:00,9.4,0.00,41,94
2026-01-14T06:00,9.4,0.00,92,94
2026-01-14T07:00,9.2,0.20,52,94
2026-01-14T08:00,9.4,0.00,51,93
2026-01-14T09:00,9.9,0.00,30,92
2026-01-14T10:00,10.9,0.00,52,91
2026-01-14T11:00,12.1,0.00,47,85
2026-01-14T12:00,12.8,0.00,34,82
2026-01-14T13:00,12.9,0.10,57,80
2026-01-14T14:00,12.8,0.10,44,81
2026-01-14T15:00,12.7,0.00,30,81
2026-01-14T16:00,12.3,0.00,33,81
2026-01-14T17:00,11.5,0.00,20,85
2026-01-14T18:00,10.9,0.00,96,87
2026-01-14T19:00,10.9,0.00,99,86
2026-01-14T20:00,10.6,0.00,100,87
2026-01-14T21:00,10.9,0.00,100,83
2026-01-14T22:00,10.4,0.00,100,86
2026-01-14T23:00,10.8,0.10,100,85
2026-01-15T00:00,10.5,0.00,100,88
2026-01-15T01:00,10.4,0.00,100,89
2026-01-15T02:00,10.2,0.10,100,93
2026-01-15T03:00,10.1,0.10,100,93
2026-01-15T04:00,9.8,0.00,98,92
2026-01-15T05:00,9.8,0.00,100,90
2026-01-15T06:00,10.1,0.00,100,85
2026-01-15T07:00,10.6,0.10,100,83
2026-01-15T08:00,10.4,0.50,100,85
2026-01-15T09:00,10.2,0.50,100,86
2026-01-15T10:00,10.5,0.40,100,85
2026-01-15T11:00,10.9,1.40,100,86
2026-01-15T12:00,10.2,2.50,100,94
2026-01-15T13:00,10.6,4.80,100,95
2026-01-15T14:00,10.4,4.70,100,95
2026-01-15T15:00,10.9,3.20,91,95
2026-01-15T16:00,11.6,0.10,93,95
2026-01-15T17:00,11.6,0.00,34,95
2026-01-15T18:00,10.9,0.00,34,91
2026-01-15T19:00,10.4,0.00,14,90
2026-01-15T20:00,9.1,0.00,16,89
2026-01-15T21:00,9.1,0.10,45,86
2026-01-15T22:00,9.1,0.10,47,85
2026-01-15T23:00,8.4,0.50,82,90
2026-01-16T00:00,8.5,0.30,77,94
2026-01-16T01:00,8.1,0.10,95,95
2026-01-16T02:00,8.6,0.00,100,96
2026-01-16T03:00,8.2,0.00,98,96
2026-01-16T04:00,8.1,0.90,98,94
2026-01-16T05:00,8.4,0.10,85,94
2026-01-16T06:00,8.6,0.40,94,91
2026-01-16T07:00,7.9,0.60,93,94
2026-01-16T08:00,7.8,0.30,93,93
2026-01-16T09:00,8.1,0.70,100,92
2026-01-16T10:00,8.6,0.10,95,92
2026-01-16T11:00,8.9,0.00,95,87
2026-01-16T12:00,8.8,0.00,100,85
2026-01-16T13:00,9.6,0.10,100,83
2026-01-16T14:00,10.2,0.00,98,79
2026-01-16T15:00,10.1,0.10,95,79
2026-01-16T16:00,9.6,1.20,95,82
2026-01-16T17:00,9.1,1.30,96,84
2026-01-16T18:00,8.4,0.10,18,87
2026-01-16T19:00,8.0,0.00,20,88
2026-01-16T20:00,7.4,0.00,53,89
2026-01-16T21:00,6.9,0.00,88,90
2026-01-16T22:00,6.7,0.00,56,89
2026-01-16T23:00,6.3,0.00,58,91
2026-01-17T00:00,6.8,0.00,35,88
2026-01-17T01:00,6.6,0.00,25,86
2026-01-17T02:00,5.8,0.00,29,89
2026-01-17T03:00,4.8,0.00,58,93
2026-01-17T04:00,4.8,0.00,95,93
2026-01-17T05:00,4.3,0.00,96,95
2026-01-17T06:00,4.8,0.00,92,95
2026-01-17T07:00,4.2,0.00,80,96
2026-01-17T08:00,4.2,0.00,75,96
2026-01-17T09:00,5.4,0.00,72,92
2026-01-17T10:00,7.3,0.00,77,90
2026-01-17T11:00,8.8,0.00,94,83
2026-01-17T12:00,8.8,0.10,100,85
2026-01-17T13:00,9.6,0.10,98,80
2026-01-17T14:00,9.8,0.10,100,76
2026-01-17T15:00,10.1,0.00,100,73
2026-01-17T16:00,9.2,0.20,99,76
2026-01-17T17:00,8.5,0.20,96,82
2026-01-17T18:00,7.7,0.10,95,88
2026-01-17T19:00,7.1,0.00,58,90
2026-01-17T20:00,6.3,0.00,2,90
2026-01-17T21:00,5.8,0.00,0,90
2026-01-17T22:00,5.3,0.00,0,90
2026-01-17T23:00,4.9,0.00,0,91
2026-01-18T00:00,4.8,0.00,2,90
2026-01-18T01:00,4.4,0.00,0,90
2026-01-18T02:00,3.9,0.00,2,91
2026-01-18T03:00,3.5,0.00,3,90
2026-01-18T04:00,3.2,0.00,0,90
2026-01-18T05:00,2.9,0.00,7,90
2026-01-18T06:00,3.1,0.00,1,88
2026-01-18T07:00,2.6,0.00,5,88
2026-01-18T08:00,2.5,0.00,2,88
2026-01-18T09:00,3.5,0.00,3,87
2026-01-18T10:00,6.0,0.00,1,86
2026-01-18T11:00,8.9,0.00,0,78
2026-01-18T12:00,10.4,0.00,1,70
2026-01-18T13:00,11.2,0.00,0,68
2026-01-18T14:00,11.6,0.00,30,69
2026-01-18T15:00,11.4,0.00,52,71
2026-01-18T16:00,11.6,0.00,21,71
2026-01-18T17:00,10.8,0.00,4,83
2026-01-18T18:00,10.1,0.00,86,89
2026-01-18T19:00,9.8,0.00,100,84
2026-01-18T20:00,9.4,0.00,100,80
2026-01-18T21:00,9.0,0.00,100,81
2026-01-18T22:00,8.5,0.00,100,81
2026-01-18T23:00,7.7,0.00,100,84
2026-01-19T00:00,6.7,0.00,100,90
2026-01-19T01:00,6.6,0.00,100,88
2026-01-19T02:00,6.8,0.00,100,85
2026-01-19T03:00,6.3,0.00,4,86
2026-01-19T04:00,6.1,0.00,1,86
2026-01-19T05:00,5.7,0.00,2,88
2026-01-19T06:00,5.1,0.00,1,88
2026-01-19T07:00,4.5,0.00,100,89
2026-01-19T08:00,5.7,0.00,70,87
2026-01-19T09:00,6.1,0.00,100,85
2026-01-19T10:00,7.8,0.00,100,83
2026-01-19T11:00,8.4,0.00,100,84
2026-01-19T12:00,9.1,0.00,99,83
2026-01-19T13:00,10.4,0.00,48,78
2026-01-19T14:00,11.4,0.00,73,77
2026-01-19T15:00,11.4,0.00,78,77
2026-01-19T16:00,10.9,0.00,84,80
2026-01-19T17:00,10.4,0.00,97,84
2026-01-19T18:00,9.9,0.00,95,80
2026-01-19T19:00,9.7,0.00,66,76
2026-01-19T20:00,9.0,0.00,91,80
2026-01-19T21:00,8.2,0.00,88,82
2026-01-19T22:00,6.7,0.00,100,86
2026-01-19T23:00,6.5,0.00,98,88
2026-01-20T00:00,6.0,0.00,95,90
2026-01-20T01:00,5.0,0.00,93,94
2026-01-20T02:00,4.3,0.00,100,96
2026-01-20T03:00,4.2,0.00,100,94
2026-01-20T04:00,4.1,0.00,100,95
2026-01-20T05:00,4.5,0.00,100,93
2026-01-20T06:00,5.0,0.00,100,91
2026-01-20T07:00,5.9,0.10,100,87
2026-01-20T08:00,6.8,0.30,100,85
2026-01-20T09:00,7.8,0.30,100,85
2026-01-20T10:00,8.4,0.50,100,85
2026-01-20T11:00,9.1,0.80,100,84
2026-01-20T12:00,9.9,0.80,100,84
2026-01-20T13:00,9.1,2.00,100,89
2026-01-20T14:00,10.4,2.00,100,90
2026-01-20T15:00,10.2,1.20,100,92
2026-01-20T16:00,10.8,2.30,100,89
2026-01-20T17:00,10.1,1.10,100,96
2026-01-20T18:00,11.2,1.40,100,93
2026-01-20T19:00,11.2,0.70,100,95
2026-01-20T20:00,11.1,1.00,100,94
2026-01-20T21:00,11.1,0.80,100,93
2026-01-20T22:00,11.4,0.60,100,95
2026-01-20T23:00,11.3,0.40,100,94
2026-01-21T00:00,11.6,0.60,100,96
2026-01-21T01:00,11.4,1.10,100,95
2026-01-21T02:00,11.4,0.80,100,96
2026-01-21T03:00,11.2,1.30,100,96
2026-01-21T04:00,11.3,1.90,100,95
2026-01-21T05:00,11.4,1.10,100,96
2026-01-21T06:00,11.6,1.50,100,96
2026-01-21T07:00,12.0,4.70,100,97
2026-01-21T08:00,12.1,8.40,100,97
2026-01-21T09:00,12.6,1.50,100,97
2026-01-21T10:00,13.1,1.10,93,98
2026-01-21T11:00,14.1,0.10,32,87
2026-01-21T12:00,13.6,0.40,77,88
2026-01-21T13:00,13.4,0.40,100,79
2026-01-21T14:00,13.2,0.20,95,80
2026-01-21T15:00,11.9,0.90,82,82
2026-01-21T16:00,11.6,1.50,65,78
2026-01-21T17:00,11.1,1.80,89,82
2026-01-21T18:00,10.9,0.00,74,78
2026-01-21T19:00,11.4,0.60,66,74
2026-01-21T20:00,10.5,0.50,67,79
2026-01-21T21:00,9.9,0.40,62,81
2026-01-21T22:00,9.3,2.30,82,82
2026-01-21T23:00,9.9,0.10,73,81
2026-01-22T00:00,9.6,1.50,88,86
2026-01-22T01:00,10.2,0.40,38,82
2026-01-22T02:00,10.0,0.40,37,80
2026-01-22T03:00,10.1,0.10,39,78
2026-01-22T04:00,10.1,0.00,46,74
2026-01-22T05:00,10.0,0.00,54,74
2026-01-22T06:00,9.8,0.10,98,80
2026-01-22T07:00,9.9,0.00,98,80
2026-01-22T08:00,9.9,0.00,100,79
2026-01-22T09:00,10.5,0.00,100,79
2026-01-22T10:00,11.4,0.00,100,77
2026-01-22T11:00,11.4,0.60,100,81
2026-01-22T12:00,10.4,1.20,98,82
2026-01-22T13:00,11.2,0.10,100,78
2026-01-22T14:00,11.1,1.10,100,84
2026-01-22T15:00,10.2,3.50,100,92
2026-01-22T16:00,10.8,7.90,100,92
2026-01-22T17:00,11.3,7.00,100,96
2026-01-22T18:00,14.0,2.00,89,96
2026-01-22T19:00,12.9,3.50,76,94
2026-01-22T20:00,11.9,0.90,79,91
2026-01-22T21:00,12.2,1.50,100,80
2026-01-22T22:00,12.5,0.10,45,63
2026-01-22T23:00,11.5,0.00,51,65
2026-01-23T00:00,11.2,0.30,30,63
2026-01-23T01:00,11.2,0.00,44,61
2026-01-23T02:00,11.0,0.00,45,49
2026-01-23T03:00,10.4,1.40,72,57
2026-01-23T04:00,10.3,0.20,66,60
2026-01-23T05:00,9.2,0.00,78,64
2026-01-23T06:00,9.8,1.10,37,60
2026-01-23T07:00,9.7,0.40,72,62
2026-01-23T08:00,9.7,0.20,100,60
2026-01-23T09:00,9.3,0.30,99,66
2026-01-23T10:00,8.7,1.60,100,78
2026-01-23T11:00,8.9,3.30,100,77
2026-01-23T12:00,8.1,0.30,100,83
2026-01-23T13:00,9.4,0.10,100,67
2026-01-23T14:00,7.9,0.80,100,73
2026-01-23T15:00,8.4,0.10,84,76
2026-01-23T16:00,6.8,1.60,100,76
2026-01-23T17:00,6.8,1.70,100,80
2026-01-23T18:00,7.1,1.60,100,75
2026-01-23T19:00,5.6,1.60,90,85
2026-01-23T20:00,5.7,0.70,99,88
2026-01-23T21:00,6.3,0.50,95,83
2026-01-23T22:00,5.4,1.40,99,89
2026-01-23T23:00,5.9,0.60,98,87
2026-01-24T00:00,7.4,1.90,99,75
2026-01-24T01:00,5.8,1.70,99,77
2026-01-24T02:00,5.8,1.50,95,78
2026-01-24T03:00,5.8,0.40,99,74
2026-01-24T04:00,4.7,0.10,75,81
2026-01-24T05:00,2.8,2.20,84,82
2026-01-24T06:00,3.3,0.10,58,84
2026-01-24T07:00,2.5,0.10,75,85
2026-01-24T08:00,2.6,0.00,80,90
2026-01-24T09:00,3.0,0.00,30,90
2026-01-24T10:00,4.0,0.00,99,88
2026-01-24T11:00,5.8,0.10,81,82
2026-01-24T12:00,5.6,1.00,100,85
2026-01-24T13:00,6.8,0.20,61,88
2026-01-24T14:00,7.3,0.50,87,87
2026-01-24T15:00,7.9,0.70,70,84
2026-01-24T16:00,8.7,0.10,99,74
2026-01-24T17:00,8.9,0.00,98,69
2026-01-24T18:00,9.3,0.00,100,69
2026-01-24T19:00,10.1,0.80,100,66
2026-01-24T20:00,9.8,0.20,100,77
2026-01-24T21:00,9.6,0.70,100,84
2026-01-24T22:00,9.1,1.40,100,91
2026-01-24T23:00,9.8,2.90,100,90
2026-01-25T00:00,9.9,1.70,100,93
2026-01-25T01:00,11.6,4.30,100,93
2026-01-25T02:00,11.9,0.40,100,88
2026-01-25T03:00,11.9,0.10,100,87
2026-01-25T04:00,11.7,0.10,31,88
2026-01-25T05:00,11.1,0.70,63,87
2026-01-25T06:00,11.6,1.00,73,83
2026-01-25T07:00,11.9,0.40,13,82
2026-01-25T08:00,11.6,0.00,42,79
2026-01-25T09:00,12.1,0.20,72,77
2026-01-25T10:00,13.0,0.00,77,75
2026-01-25T11:00,13.1,0.10,52,75
2026-01-25T12:00,12.4,0.60,94,76
2026-01-25T13:00,12.8,0.10,77,78
2026-01-25T14:00,12.8,0.10,60,77
2026-01-25T15:00,12.3,0.40,61,80
2026-01-25T16:00,12.1,1.00,78,80
2026-01-25T17:00,11.6,0.20,44,87
2026-01-25T18:00,10.9,0.10,87,88
2026-01-25T19:00,11.0,0.00,96,87
2026-01-25T20:00,10.4,0.00,100,86
2026-01-25T21:00,9.5,0.00,100,88
2026-01-25T22:00,10.3,0.00,100,85
2026-01-25T23:00,10.6,0.00,100,86
2026-01-26T00:00,10.0,0.00,100,89
2026-01-26T01:00,9.7,0.00,100,91
2026-01-26T02:00,9.6,0.00,100,93
2026-01-26T03:00,10.4,0.20,100,93
2026-01-26T04:00,10.8,1.00,100,97
2026-01-26T05:00,11.3,1.50,100,97
2026-01-26T06:00,12.5,3.30,100,97
2026-01-26T07:00,13.8,6.90,100,96
2026-01-26T08:00,13.9,2.10,100,97
2026-01-26T09:00,14.1,1.80,100,96
2026-01-26T10:00,14.3,0.20,100,95
2026-01-26T11:00,14.3,0.40,100,93
2026-01-26T12:00,13.7,2.30,100,94
2026-01-26T13:00,13.8,0.30,100,93
2026-01-26T14:00,14.1,0.80,100,90
2026-01-26T15:00,14.4,0.50,100,88
2026-01-26T16:00,14.1,0.90,100,89
2026-01-26T17:00,13.8,1.90,100,89
2026-01-26T18:00,13.8,1.30,100,89
2026-01-26T19:00,13.3,0.50,100,91
2026-01-26T20:00,13.9,0.30,100,88
2026-01-26T21:00,13.6,2.40,100,92
2026-01-26T22:00,13.5,1.80,100,92
2026-01-26T23:00,13.1,3.70,100,94
2026-01-27T00:00,12.9,2.40,100,94
2026-01-27T01:00,11.8,6.50,100,90
2026-01-27T02:00,11.6,0.50,100,87
2026-01-27T03:00,11.1,0.50,100,90
2026-01-27T04:00,10.5,1.80,100,91
2026-01-27T05:00,10.4,0.20,100,87
2026-01-27T06:00,10.5,0.00,96,79
2026-01-27T07:00,10.4,0.00,100,77
2026-01-27T08:00,9.6,3.60,100,74
2026-01-27T09:00,9.5,2.70,100,85
2026-01-27T10:00,10.0,0.70,91,81
2026-01-27T11:00,9.1,3.60,68,87
2026-01-27T12:00,10.4,3.50,41,68
2026-01-27T13:00,10.8,2.90,68,67
2026-01-27T14:00,9.8,0.60,57,70
2026-01-27T15:00,10.1,1.30,26,62
2026-01-27T16:00,10.4,0.70,45,64
2026-01-27T17:00,9.1,0.50,34,64
2026-01-27T18:00,9.8,4.00,99,57
2026-01-27T19:00,8.1,2.80,65,82
2026-01-27T20:00,8.0,1.60,79,83
2026-01-27T21:00,7.2,0.10,98,87
2026-01-27T22:00,7.2,1.90,100,86
2026-01-27T23:00,7.2,1.20,100,88
2026-01-28T00:00,7.2,1.20,100,88
2026-01-28T01:00,7.2,0.30,100,91
2026-01-28T02:00,7.7,0.90,100,88
2026-01-28T03:00,7.6,3.10,100,93
2026-01-28T04:00,6.5,7.70,100,92
2026-01-28T05:00,4.9,7.90,100,94
2026-01-28T06:00,5.8,4.80,100,94
2026-01-28T07:00,5.5,0.10,24,93
2026-01-28T08:00,5.2,0.00,38,93
2026-01-28T09:00,6.2,0.00,100,91
2026-01-28T10:00,8.4,0.00,93,89
2026-01-28T11:00,11.1,0.20,98,81
2026-01-28T12:00,12.8,0.00,86,65
2026-01-28T13:00,12.0,0.90,99,72
2026-01-28T14:00,12.9,0.70,98,63
2026-01-28T15:00,13.2,0.10,100,67
2026-01-28T16:00,12.5,0.00,100,69
2026-01-28T17:00,11.6,0.40,100,79
2026-01-28T18:00,12.2,0.60,100,78
2026-01-28T19:00,12.2,1.10,100,75
2026-01-28T20:00,12.1,0.50,100,88
2026-01-28T21:00,11.9,1.50,100,93
2026-01-28T22:00,12.3,2.00,100,96
2026-01-28T23:00,13.8,6.30,100,96
2026-01-29T00:00,14.5,2.20,100,94
2026-01-29T01:00,14.5,0.70,100,94
2026-01-29T02:00,14.6,0.40,100,95
2026-01-29T03:00,14.3,0.80,100,94
2026-01-29T04:00,14.3,0.20,100,91
2026-01-29T05:00,13.8,0.40,100,93
2026-01-29T06:00,13.5,1.30,100,93
2026-01-29T07:00,13.7,5.20,100,97
2026-01-29T08:00,13.6,4.60,100,95
2026-01-29T09:00,13.4,2.00,100,92
2026-01-29T10:00,12.9,0.90,100,91
2026-01-29T11:00,13.1,0.90,100,96
2026-01-29T12:00,13.5,0.20,95,90
2026-01-29T13:00,14.7,0.00,99,84
2026-01-29T14:00,14.2,0.10,90,81
2026-01-29T15:00,13.9,0.60,94,82
2026-01-29T16:00,14.0,0.00,37,82
2026-01-29T17:00,13.8,0.10,29,80
2026-01-29T18:00,13.1,0.10,24,81
2026-01-29T19:00,13.0,0.10,55,78
2026-01-29T20:00,12.1,0.40,85,84
2026-01-29T21:00,11.9,0.60,74,87
2026-01-29T22:00,12.2,0.30,83,85
2026-01-29T23:00,11.9,0.60,99,84
2026-01-30T00:00,12.4,0.50,88,79
2026-01-30T01:00,12.4,0.60,98,81
2026-01-30T02:00,12.1,0.90,92,84
2026-01-30T03:00,12.2,0.50,80,86
2026-01-30T04:00,11.8,0.10,94,86
2026-01-30T05:00,11.9,0.10,100,85
2026-01-30T06:00,11.8,0.30,100,77
2026-01-30T07:00,12.4,0.30,100,73
2026-01-30T08:00,11.9,0.50,100,82
2026-01-30T09:00,11.6,0.50,100,89
2026-01-30T10:00,12.6,0.20,94,87
2026-01-30T11:00,13.4,0.40,100,86
2026-01-30T12:00,12.9,7.60,36,92
2026-01-30T13:00,14.6,0.10,11,76
2026-01-30T14:00,14.4,0.00,12,66
2026-01-30T15:00,13.7,0.30,88,69
2026-01-30T16:00,12.8,2.40,96,68
2026-01-30T17:00,11.2,2.10,99,79
2026-01-30T18:00,11.4,0.60,55,74
2026-01-30T19:00,10.8,0.00,33,75
2026-01-30T20:00,11.9,0.00,34,58
2026-01-30T21:00,11.9,0.00,48,58
2026-01-30T22:00,11.1,0.20,72,62
2026-01-30T23:00,11.1,0.60,45,66
2026-01-31T00:00,11.2,0.20,26,64
2026-01-31T01:00,11.2,0.00,70,61
2026-01-31T02:00,11.2,0.00,70,65
2026-01-31T03:00,11.8,0.10,60,61
2026-01-31T04:00,11.7,0.00,45,64
2026-01-31T05:00,11.6,0.00,35,66
2026-01-31T06:00,10.9,0.00,20,71
2026-01-31T07:00,10.4,0.00,34,75
2026-01-31T08:00,10.4,0.00,42,74
2026-01-31T09:00,11.4,0.00,46,72
2026-01-31T10:00,12.0,0.00,79,72
2026-01-31T11:00,12.2,0.00,88,71
2026-01-31T12:00,12.6,0.00,45,77
2026-01-31T13:00,13.1,0.40,52,75
2026-01-31T14:00,13.2,0.00,27,75
2026-01-31T15:00,13.4,0.10,87,73
2026-01-31T16:00,13.4,0.10,100,72
2026-01-31T17:00,12.9,0.00,89,75
2026-01-31T18:00,12.1,0.00,99,82
2026-01-31T19:00,11.6,0.00,100,85
2026-01-31T20:00,11.6,0.00,100,85
2026-01-31T21:00,11.6,0.00,100,84
2026-01-31T22:00,11.4,0.00,100,83
2026-01-31T23:00,11.6,0.00,100,83
2026-02-01T00:00,11.8,0.50,100,80
2026-02-01T01:00,11.9,0.10,100,82
2026-02-01T02:00,12.0,0.00,100,84
2026-02-01T03:00,11.9,0.00,100,86
2026-02-01T04:00,12.1,0.00,100,88
2026-02-01T05:00,12.1,0.20,100,91
2026-02-01T06:00,11.9,0.10,100,94
2026-02-01T07:00,12.1,0.60,100,96
2026-02-01T08:00,13.1,0.90,100,99
2026-02-01T09:00,13.6,0.20,100,98
2026-02-01T10:00,13.7,0.20,100,98
2026-02-01T11:00,13.9,0.30,98,96
2026-02-01T12:00,14.1,0.30,100,96
2026-02-01T13:00,14.1,0.10,100,95
2026-02-01T14:00,14.7,0.10,100,89
2026-02-01T15:00,14.3,0.40,100,91
2026-02-01T16:00,14.2,10.50,100,93
2026-02-01T17:00,13.8,4.30,100,97
2026-02-01T18:00,13.7,1.70,100,98
2026-02-01T19:00,13.6,3.50,100,98
2026-02-01T20:00,13.6,3.90,100,97
2026-02-01T21:00,13.7,4.80,100,96
2026-02-01T22:00,13.6,1.30,100,96
2026-02-01T23:00,13.4,0.80,100,96
2026-02-02T00:00,13.6,0.60,100,91
2026-02-02T01:00,13.1,1.60,100,95
2026-02-02T02:00,12.8,1.70,100,94
2026-02-02T03:00,12.8,4.30,100,92
2026-02-02T04:00,11.9,5.40,100,92
2026-02-02T05:00,10.9,1.60,100,85
2026-02-02T06:00,11.0,1.40,100,86
2026-02-02T07:00,10.9,0.30,69,84
2026-02-02T08:00,9.5,1.80,88,85
2026-02-02T09:00,10.4,0.20,63,74
2026-02-02T10:00,9.7,1.50,98,80
2026-02-02T11:00,11.0,4.00,100,75
2026-02-02T12:00,9.9,1.90,91,75
2026-02-02T13:00,9.6,2.50,98,82
2026-02-02T14:00,10.4,0.60,100,78
2026-02-02T15:00,10.7,0.20,99,70
2026-02-02T16:00,9.9,2.70,91,81
2026-02-02T17:00,9.1,2.90,100,82
2026-02-02T18:00,9.7,2.30,86,77
2026-02-02T19:00,9.8,0.10,76,79
2026-02-02T20:00,9.1,0.10,97,80
2026-02-02T21:00,7.9,3.00,98,87
2026-02-02T22:00,8.6,0.20,99,89
2026-02-02T23:00,7.9,4.10,86,91
2026-02-03T00:00,7.8,0.90,100,90
2026-02-03T01:00,7.6,1.30,100,92
2026-02-03T02:00,7.1,1.80,100,91
2026-02-03T03:00,7.7,0.10,88,91
2026-02-03T04:00,7.2,0.80,99,93
2026-02-03T05:00,7.3,2.40,100,91
2026-02-03T06:00,8.1,0.70,100,93
2026-02-03T07:00,8.6,0.60,100,92
2026-02-03T08:00,8.2,1.50,100,92
2026-02-03T09:00,8.4,1.40,76,90
2026-02-03T10:00,9.6,0.20,100,85
2026-02-03T11:00,9.1,2.90,100,79
2026-02-03T12:00,10.1,0.10,100,75
2026-02-03T13:00,11.6,0.10,100,70
2026-02-03T14:00,11.0,0.10,100,70
2026-02-03T15:00,11.8,0.00,100,63
2026-02-03T16:00,11.6,0.10,100,64
2026-02-03T17:00,10.0,0.40,100,76
2026-02-03T18:00,9.6,1.50,100,81
2026-02-03T19:00,9.2,1.20,100,87
2026-02-03T20:00,8.7,1.90,100,87
2026-02-03T21:00,8.6,1.90,100,87
2026-02-03T22:00,8.9,1.00,100,84
2026-02-03T23:00,10.1,0.50,100,87
2026-02-04T00:00,11.1,0.10,100,89
2026-02-04T01:00,12.8,0.20,100,86
2026-02-04T02:00,12.7,2.80,100,91
2026-02-04T03:00,13.3,0.70,100,87
2026-02-04T04:00,13.4,0.00,100,82
2026-02-04T05:00,13.9,0.00,100,81
2026-02-04T06:00,14.0,1.50,100,78
2026-02-04T07:00,13.8,0.20,92,82
2026-02-04T08:00,13.7,0.20,100,86
2026-02-04T09:00,13.7,0.00,100,87
2026-02-04T10:00,13.9,0.10,18,83
2026-02-04T11:00,14.5,0.00,55,80
2026-02-04T12:00,13.4,0.30,100,86
2026-02-04T13:00,13.4,0.30,100,89
2026-02-04T14:00,13.4,0.40,100,89
2026-02-04T15:00,13.7,0.30,100,88
2026-02-04T16:00,13.3,0.90,100,87
2026-02-04T17:00,13.4,0.40,100,92
2026-02-04T18:00,13.2,0.00,97,89
2026-02-04T19:00,13.2,0.00,100,88
2026-02-04T20:00,13.1,0.00,99,90
2026-02-04T21:00,12.7,0.00,100,94
2026-02-04T22:00,12.6,0.30,100,95
2026-02-04T23:00,12.4,2.10,100,96
2026-02-05T00:00,12.2,4.40,100,94
2026-02-05T01:00,12.4,1.50,100,95
2026-02-05T02:00,12.7,3.20,100,95
2026-02-05T03:00,13.6,4.80,100,95
2026-02-05T04:00,13.8,1.30,100,94
2026-02-05T05:00,13.8,2.30,100,96
2026-02-05T06:00,13.4,0.90,84,92
2026-02-05T07:00,13.4,1.40,67,92
2026-02-05T08:00,12.1,1.90,91,88
2026-02-05T09:00,11.9,1.90,84,88
2026-02-05T10:00,11.6,3.20,66,87
2026-02-05T11:00,12.9,2.10,79,82
2026-02-05T12:00,13.6,1.10,70,79
2026-02-05T13:00,13.2,5.90,65,81
2026-02-05T14:00,12.2,3.20,54,82
2026-02-05T15:00,12.7,3.70,45,80
2026-02-05T16:00,12.2,2.90,66,80
2026-02-05T17:00,11.2,4.80,100,88
2026-02-05T18:00,11.4,0.40,84,89
2026-02-05T19:00,11.4,1.80,78,87
2026-02-05T20:00,11.3,1.40,45,87
2026-02-05T21:00,10.2,2.50,70,87
2026-02-05T22:00,10.0,2.70,20,90
2026-02-05T23:00,10.6,1.60,9,86
2026-02-06T00:00,10.8,0.00,37,81
2026-02-06T01:00,10.5,1.10,45,82
2026-02-06T02:00,10.9,1.00,53,77
2026-02-06T03:00,10.2,2.30,99,82
2026-02-06T04:00,10.2,1.00,100,85
2026-02-06T05:00,9.6,1.00,100,89
2026-02-06T06:00,9.5,1.30,100,89
2026-02-06T07:00,9.4,0.90,100,89
2026-02-06T08:00,8.9,2.20,100,94
2026-02-06T09:00,8.9,1.80,91,91
2026-02-06T10:00,9.4,2.60,100,88
2026-02-06T11:00,10.3,0.80,91,83
2026-02-06T12:00,12.4,2.30,54,67
2026-02-06T13:00,11.4,0.70,56,70
2026-02-06T14:00,12.6,0.00,78,59
2026-02-06T15:00,11.6,1.90,45,69
2026-02-06T16:00,10.4,2.20,66,78
2026-02-06T17:00,9.6,3.00,52,78
2026-02-06T18:00,9.6,2.10,91,81
2026-02-06T19:00,9.5,5.80,81,77
2026-02-06T20:00,9.1,3.20,90,83
2026-02-06T21:00,9.6,1.50,51,81
2026-02-06T22:00,9.2,2.30,34,84
2026-02-06T23:00,8.9,3.70,54,85
2026-02-07T00:00,8.6,0.10,69,82
2026-02-07T01:00,8.5,1.90,46,87
2026-02-07T02:00,9.1,0.10,64,85
2026-02-07T03:00,8.6,0.40,68,89
2026-02-07T04:00,8.4,0.10,100,87
2026-02-07T05:00,7.8,0.00,100,88
2026-02-07T06:00,7.9,0.00,100,86
2026-02-07T07:00,8.9,0.00,100,80
2026-02-07T08:00,9.2,0.50,100,80
2026-02-07T09:00,8.9,2.70,100,89
2026-02-07T10:00,8.4,4.00,100,89
2026-02-07T11:00,9.4,2.30,100,83
2026-02-07T12:00,10.9,5.60,100,90
2026-02-07T13:00,12.9,0.20,100,87
2026-02-07T14:00,12.8,3.20,38,78
2026-02-07T15:00,12.4,1.40,77,74
2026-02-07T16:00,12.6,0.80,98,77
2026-02-07T17:00,11.6,3.80,39,87
2026-02-07T18:00,12.4,0.70,93,85
2026-02-07T19:00,8.9,5.10,100,88
2026-02-07T20:00,9.3,0.50,100,79
2026-02-07T21:00,9.4,0.20,100,80
2026-02-07T22:00,9.7,0.50,100,82
2026-02-07T23:00,8.9,1.20,91,87
2026-02-08T00:00,9.3,1.00,51,88
2026-02-08T01:00,8.6,1.00,93,94
2026-02-08T02:00,8.1,0.10,47,92
2026-02-08T03:00,8.9,0.10,52,86
2026-02-08T04:00,9.4,0.10,38,80
2026-02-08T05:00,9.6,0.00,68,76
2026-02-08T06:00,9.2,0.00,70,77
2026-02-08T07:00,8.5,0.00,99,79
2026-02-08T08:00,8.6,0.00,100,77
2026-02-08T09:00,10.4,0.00,80,72
2026-02-08T10:00,11.8,0.00,81,70
2026-02-08T11:00,12.4,0.10,94,61
2026-02-08T12:00,12.8,0.00,100,65
2026-02-08T13:00,12.9,0.00,100,64
2026-02-08T14:00,12.6,0.00,95,66
2026-02-08T15:00,12.9,0.10,100,66
2026-02-08T16:00,12.2,0.10,100,73
2026-02-08T17:00,11.6,0.10,100,76
2026-02-08T18:00,11.4,0.10,100,80
2026-02-08T19:00,10.9,1.90,100,83
2026-02-08T20:00,11.1,0.60,100,83
2026-02-08T21:00,11.4,0.20,100,86
2026-02-08T22:00,11.6,0.10,100,87
2026-02-08T23:00,11.8,0.10,100,91
2026-02-09T00:00,12.1,0.00,78,95
2026-02-09T01:00,13.2,0.10,76,91
2026-02-09T02:00,12.4,0.00,98,92
2026-02-09T03:00,12.8,0.10,100,93
2026-02-09T04:00,12.9,0.10,100,98
2026-02-09T05:00,13.2,0.10,100,98
2026-02-09T06:00,13.2,1.10,98,97
2026-02-09T07:00,13.0,0.30,100,97
2026-02-09T08:00,12.9,0.30,100,98
2026-02-09T09:00,12.9,5.20,100,96
2026-02-09T10:00,13.9,0.20,98,96
2026-02-09T11:00,13.8,3.80,100,99
2026-02-09T12:00,13.8,0.70,100,100
2026-02-09T13:00,14.7,0.70,100,96
2026-02-09T14:00,15.2,0.20,100,93
2026-02-09T15:00,14.9,0.70,100,95
2026-02-09T16:00,14.1,1.80,100,99
2026-02-09T17:00,14.2,0.50,100,97
2026-02-09T18:00,14.1,0.70,100,99
2026-02-09T19:00,14.1,0.50,100,98
2026-02-09T20:00,14.2,0.00,100,97
2026-02-09T21:00,14.1,0.30,100,97
2026-02-09T22:00,14.2,0.20,100,97
2026-02-09T23:00,14.2,0.00,100,98
2026-02-10T00:00,14.3,0.20,100,98
2026-02-10T01:00,14.2,0.40,100,98
2026-02-10T02:00,14.2,4.00,100,99
2026-02-10T03:00,14.3,2.30,100,99
2026-02-10T04:00,14.2,7.80,100,97
2026-02-10T05:00,14.2,7.20,100,99
2026-02-10T06:00,14.1,1.40,100,98
2026-02-10T07:00,14.1,4.80,100,99
2026-02-10T08:00,14.4,5.00,100,99
2026-02-10T09:00,14.5,2.20,100,98
2026-02-10T10:00,14.7,0.70,100,97
2026-02-10T11:00,14.9,0.50,100,97
2026-02-10T12:00,14.9,1.70,100,97
2026-02-10T13:00,14.8,0.90,100,98
2026-02-10T14:00,14.8,1.20,100,97
2026-02-10T15:00,15.2,1.80,100,94
2026-02-10T16:00,15.6,0.40,100,90
2026-02-10T17:00,14.6,1.10,100,97
2026-02-10T18:00,14.7,0.00,100,94
2026-02-10T19:00,14.5,0.40,100,98
2026-02-10T20:00,14.5,0.20,100,97
2026-02-10T21:00,14.4,0.20,100,97
2026-02-10T22:00,14.1,0.10,100,96
2026-02-10T23:00,14.2,0.10,100,95
2026-02-11T00:00,13.5,0.10,100,97
2026-02-11T01:00,13.7,0.10,100,98
2026-02-11T02:00,13.9,0.10,100,97
2026-02-11T03:00,13.9,0.10,100,98
2026-02-11T04:00,13.9,1.00,100,98
2026-02-11T05:00,13.7,1.10,100,97
2026-02-11T06:00,14.1,1.70,100,97
2026-02-11T07:00,14.0,5.40,100,98
2026-02-11T08:00,14.1,2.10,100,99
2026-02-11T09:00,14.6,3.10,100,98
2026-02-11T10:00,15.1,0.10,100,96
2026-02-11T11:00,15.2,0.20,100,95
2026-02-11T12:00,15.1,2.70,100,96
2026-02-11T13:00,15.0,5.70,100,95
2026-02-11T14:00,14.9,1.50,100,97
2026-02-11T15:00,15.1,4.20,100,94
2026-02-11T16:00,15.3,0.60,98,92
2026-02-11T17:00,15.1,0.40,76,89
2026-02-11T18:00,14.9,0.10,50,86
2026-02-11T19:00,14.4,0.00,59,84
2026-02-11T20:00,14.1,0.00,78,83
2026-02-11T21:00,13.6,0.00,95,83
2026-02-11T22:00,13.4,0.10,96,82
2026-02-11T23:00,12.9,0.00,83,81
2026-02-12T00:00,12.8,0.10,100,80
2026-02-12T01:00,12.6,0.10,96,81
2026-02-12T02:00,12.2,0.20,88,86
2026-02-12T03:00,11.9,0.30,100,89
2026-02-12T04:00,11.9,0.50,40,88
2026-02-12T05:00,11.2,0.30,59,93
2026-02-12T06:00,11.3,0.40,65,88
2026-02-12T07:00,11.3,0.10,57,85
2026-02-12T08:00,11.3,0.00,100,82
2026-02-12T09:00,12.2,0.00,100,78
2026-02-12T10:00,13.1,0.00,100,69
2026-02-12T11:00,13.6,0.00,100,66
2026-02-12T12:00,13.9,0.00,100,70
2026-02-12T13:00,13.9,0.20,100,73
2026-02-12T14:00,13.4,0.30,100,75
2026-02-12T15:00,13.4,0.30,100,80
2026-02-12T16:00,13.4,0.30,100,78
2026-02-12T17:00,12.2,0.60,100,84
2026-02-12T18:00,12.2,0.50,100,95
2026-02-12T19:00,12.4,0.80,100,95
2026-02-12T20:00,12.1,1.30,100,93
2026-02-12T21:00,11.5,1.80,100,94
2026-02-12T22:00,11.2,0.60,100,95
2026-02-12T23:00,11.4,1.00,100,94
2026-02-13T00:00,11.2,2.20,100,92
2026-02-13T01:00,10.9,1.80,100,92
2026-02-13T02:00,11.4,0.50,100,93
2026-02-13T03:00,12.1,0.50,100,91
2026-02-13T04:00,11.8,2.40,71,89
2026-02-13T05:00,10.9,0.60,100,81
2026-02-13T06:00,11.1,0.40,98,90
2026-02-13T07:00,10.3,3.00,100,90
2026-02-13T08:00,10.3,0.80,100,90
2026-02-13T09:00,9.9,1.60,99,89
2026-02-13T10:00,10.9,0.50,94,83
2026-02-13T11:00,12.0,2.30,62,80
2026-02-13T12:00,12.9,1.70,44,68
2026-02-13T13:00,11.8,0.30,66,72
2026-02-13T14:00,11.9,0.40,74,68
2026-02-13T15:00,10.9,3.00,87,78
2026-02-13T16:00,10.2,3.50,88,84
2026-02-13T17:00,9.9,0.80,61,84
2026-02-13T18:00,9.9,0.10,62,82
2026-02-13T19:00,9.9,0.10,84,79
2026-02-13T20:00,9.1,0.10,51,78
2026-02-13T21:00,9.4,0.00,39,75
2026-02-13T22:00,9.3,0.00,18,72
2026-02-13T23:00,9.4,0.00,4,67
2026-02-14T00:00,9.2,0.00,1,67
2026-02-14T01:00,9.2,0.00,23,62
2026-02-14T02:00,9.4,0.00,30,59
2026-02-14T03:00,9.4,0.00,29,59
2026-02-14T04:00,8.8,0.00,12,64
2026-02-14T05:00,8.8,0.00,9,67
2026-02-14T06:00,8.9,0.00,23,67
2026-02-14T07:00,9.2,0.00,26,62
2026-02-14T08:00,9.3,0.00,24,63
2026-02-14T09:00,9.8,0.00,24,65
2026-02-14T10:00,10.8,0.00,20,64
2026-02-14T11:00,11.6,0.00,13,62
2026-02-14T12:00,12.5,0.00,71,56
2026-02-14T13:00,12.4,0.00,41,62
2026-02-14T14:00,11.9,0.00,14,68
2026-02-14T15:00,12.4,0.00,1,67
2026-02-14T16:00,12.3,0.00,17,63
2026-02-14T17:00,11.9,0.00,13,68
2026-02-14T18:00,11.4,0.00,94,71
2026-02-14T19:00,10.7,0.00,100,75
2026-02-14T20:00,10.6,0.00,100,78
2026-02-14T21:00,10.1,0.00,100,80
2026-02-14T22:00,9.6,0.00,100,83
2026-02-14T23:00,8.8,0.00,99,84
2026-02-15T00:00,9.3,0.00,92,89
2026-02-15T01:00,9.3,0.00,100,87
2026-02-15T02:00,9.6,0.00,100,87
2026-02-15T03:00,10.4,0.00,100,84
2026-02-15T04:00,10.7,0.10,100,87
2026-02-15T05:00,10.9,0.10,100,90
2026-02-15T06:00,11.0,0.10,100,90
2026-02-15T07:00,11.1,0.00,100,91
2026-02-15T08:00,11.2,0.20,100,93
2026-02-15T09:00,12.0,0.10,97,91
2026-02-15T10:00,12.8,0.20,100,86
2026-02-15T11:00,12.9,1.00,93,85
2026-02-15T12:00,13.4,0.30,94,82
2026-02-15T13:00,12.9,0.50,100,86
2026-02-15T14:00,13.0,0.10,100,85
2026-02-15T15:00,13.3,1.30,99,83
2026-02-15T16:00,13.1,0.90,95,87
2026-02-15T17:00,12.7,0.70,98,90
2026-02-15T18:00,12.4,0.30,96,91
2026-02-15T19:00,12.4,0.20,74,91
2026-02-15T20:00,12.2,0.10,98,93
2026-02-15T21:00,12.8,0.20,98,91
2026-02-15T22:00,12.8,0.10,87,91
2026-02-15T23:00,12.7,0.40,100,92
2026-02-16T00:00,12.6,0.00,100,92
2026-02-16T01:00,12.9,0.80,100,92
2026-02-16T02:00,12.9,0.60,100,92
2026-02-16T03:00,13.1,0.30,100,93
2026-02-16T04:00,13.1,0.50,100,93
2026-02-16T05:00,13.1,0.20,100,93
2026-02-16T06:00,13.0,0.10,100,94
2026-02-16T07:00,13.2,0.40,100,94
2026-02-16T08:00,13.4,0.40,100,94
2026-02-16T09:00,13.7,0.20,100,93
2026-02-16T10:00,13.9,0.10,100,93
2026-02-16T11:00,14.0,0.10,100,93
2026-02-16T12:00,14.4,0.10,100,91
2026-02-16T13:00,14.3,0.20,100,92
2026-02-16T14:00,14.2,0.10,100,92
2026-02-16T15:00,14.3,0.10,100,92
2026-02-16T16:00,14.2,0.10,100,92
2026-02-16T17:00,14.1,0.10,100,93
2026-02-16T18:00,13.8,0.10,100,94
2026-02-16T19:00,13.8,0.10,100,94
2026-02-16T20:00,13.6,0.10,100,95
2026-02-16T21:00,13.6,0.00,100,95
2026-02-16T22:00,13.6,0.10,100,96
2026-02-16T23:00,13.6,0.80,100,96
2026-02-17T00:00,13.3,0.80,100,97
2026-02-17T01:00,13.2,0.80,100,97
2026-02-17T02:00,13.1,0.30,100,95
2026-02-17T03:00,12.9,0.30,100,95
2026-02-17T04:00,12.8,0.10,100,95
2026-02-17T05:00,12.8,0.00,100,95
2026-02-17T06:00,12.6,0.10,89,94
2026-02-17T07:00,12.6,0.00,74,93
2026-02-17T08:00,12.5,0.00,100,94
2026-02-17T09:00,12.8,0.20,100,94
2026-02-17T10:00,12.9,0.20,87,92
2026-02-17T11:00,13.0,0.70,95,92
2026-02-17T12:00,13.9,0.80,80,80
2026-02-17T13:00,14.2,0.00,100,75
2026-02-17T14:00,14.4,0.20,83,74
2026-02-17T15:00,13.9,0.30,100,79
2026-02-17T16:00,13.0,0.10,100,85
2026-02-17T17:00,12.8,0.00,100,86
2026-02-17T18:00,12.4,0.00,100,89
2026-02-17T19:00,12.1,0.30,100,93
2026-02-17T20:00,12.1,0.40,100,94
2026-02-17T21:00,12.1,0.20,100,93
2026-02-17T22:00,11.9,0.10,100,93
2026-02-17T23:00,11.6,0.40,100,95
2026-02-18T00:00,11.5,0.20,100,95
2026-02-18T01:00,11.6,0.10,100,93
2026-02-18T02:00,11.4,0.10,100,90
2026-02-18T03:00,11.3,0.00,100,91
2026-02-18T04:00,11.0,0.10,95,92
2026-02-18T05:00,11.1,0.10,100,92
2026-02-18T06:00,11.6,0.30,99,91
2026-02-18T07:00,11.9,0.70,100,91
2026-02-18T08:00,11.9,0.30,100,93
2026-02-18T09:00,12.2,0.80,100,93
2026-02-18T10:00,12.6,0.60,100,93
2026-02-18T11:00,13.1,0.20,100,92
2026-02-18T12:00,13.4,3.60,100,96
2026-02-18T13:00,13.7,1.30,99,92
2026-02-18T14:00,14.1,1.20,72,82
2026-02-18T15:00,14.1,0.00,18,69
2026-02-18T16:00,13.3,0.10,21,69
2026-02-18T17:00,12.8,0.00,19,69
2026-02-18T18:00,11.6,0.30,45,75
2026-02-18T19:00,11.2,0.00,65,77
2026-02-18T20:00,10.8,0.00,78,75
2026-02-18T21:00,10.5,0.20,45,78
2026-02-18T22:00,10.4,0.00,43,78
2026-02-18T23:00,10.1,0.20,33,77
2026-02-19T00:00,10.4,0.10,18,71
2026-02-19T01:00,10.2,0.00,13,67
2026-02-19T02:00,10.1,0.00,27,66
2026-02-19T03:00,10.1,0.00,22,67
2026-02-19T04:00,9.9,0.00,33,67
2026-02-19T05:00,9.9,0.00,50,67
2026-02-19T06:00,9.6,0.00,76,70
2026-02-19T07:00,9.7,0.00,48,69
2026-02-19T08:00,10.2,0.00,63,65
2026-02-19T09:00,11.0,0.00,59,61
2026-02-19T10:00,11.7,0.00,95,53
2026-02-19T11:00,12.0,0.00,85,54
2026-02-19T12:00,12.5,0.00,79,57
2026-02-19T13:00,12.6,0.00,93,57
2026-02-19T14:00,12.4,0.00,80,60
2026-02-19T15:00,12.4,0.00,53,61
2026-02-19T16:00,12.2,0.00,77,60
2026-02-19T17:00,11.9,0.00,96,63
2026-02-19T18:00,11.2,0.00,91,69
2026-02-19T19:00,10.7,0.00,100,73
2026-02-19T20:00,10.4,0.00,100,74
2026-02-19T21:00,10.2,0.00,99,75
2026-02-19T22:00,9.8,0.00,90,77
2026-02-19T23:00,9.1,0.00,70,79
2026-02-20T00:00,7.9,0.00,19,83
2026-02-20T01:00,7.3,0.00,20,84
2026-02-20T02:00,6.8,0.00,26,84
2026-02-20T03:00,6.1,0.00,1,88
2026-02-20T04:00,5.6,0.00,2,89
2026-02-20T05:00,5.3,0.00,0,90
2026-02-20T06:00,5.6,0.00,0,89
2026-02-20T07:00,5.5,0.00,0,88
2026-02-20T08:00,5.8,0.00,0,86
2026-02-20T09:00,7.9,0.00,32,82
2026-02-20T10:00,10.9,0.00,91,75
2026-02-20T11:00,12.5,0.00,96,64
2026-02-20T12:00,12.9,0.00,66,63
2026-02-20T13:00,13.6,0.00,6,62
2026-02-20T14:00,13.9,0.00,2,62
2026-02-20T15:00,13.7,0.00,2,64
2026-02-20T16:00,13.0,0.00,1,69
2026-02-20T17:00,12.0,0.00,16,74
2026-02-20T18:00,10.9,0.00,38,80
2026-02-20T19:00,10.4,0.00,73,82
2026-02-20T20:00,9.9,0.00,23,84
2026-02-20T21:00,9.2,0.00,93,85
2026-02-20T22:00,8.4,0.00,86,87
2026-02-20T23:00,7.4,0.00,9,89
2026-02-21T00:00,7.2,0.00,91,89
2026-02-21T01:00,7.0,0.00,95,88
2026-02-21T02:00,6.8,0.00,98,87
2026-02-21T03:00,6.4,0.00,90,86
2026-02-21T04:00,6.2,0.00,100,86
2026-02-21T05:00,6.0,0.00,32,84
2026-02-21T06:00,5.7,0.00,12,85
2026-02-21T07:00,5.4,0.00,71,85
2026-02-21T08:00,5.6,0.00,59,85
2026-02-21T09:00,7.8,0.00,57,83
2026-02-21T10:00,11.1,0.00,2,77
2026-02-21T11:00,14.1,0.00,8,68
2026-02-21T12:00,15.4,0.00,0,61
2026-02-21T13:00,15.8,0.00,0,64
2026-02-21T14:00,15.6,0.00,0,69
2026-02-21T15:00,15.0,0.00,1,73
2026-02-21T16:00,14.3,0.00,23,74
2026-02-21T17:00,13.4,0.00,1,76
2026-02-21T18:00,12.4,0.00,0,81
2026-02-21T19:00,11.1,0.00,2,85
2026-02-21T20:00,10.4,0.00,97,85
2026-02-21T21:00,9.8,0.00,98,84
2026-02-21T22:00,9.0,0.00,98,85
2026-02-21T23:00,8.4,0.00,93,88
2026-02-22T00:00,7.8,0.00,96,90
2026-02-22T01:00,7.6,0.00,90,88
2026-02-22T02:00,7.2,0.00,85,87
2026-02-22T03:00,6.7,0.00,82,86
2026-02-22T04:00,6.0,0.00,96,87
2026-02-22T05:00,5.8,0.00,100,86
2026-02-22T06:00,6.2,0.00,99,83
2026-02-22T07:00,5.7,0.00,98,85
2026-02-22T08:00,5.9,0.00,27,86
2026-02-22T09:00,8.2,0.00,0,83
2026-02-22T10:00,12.2,0.00,16,78
2026-02-22T11:00,15.1,0.00,3,69
2026-02-22T12:00,16.5,0.00,0,62
2026-02-22T13:00,17.6,0.00,0,64
2026-02-22T14:00,17.5,0.00,17,68
2026-02-22T15:00,16.5,0.00,88,73
2026-02-22T16:00,15.8,0.00,100,74
2026-02-22T17:00,14.8,0.00,77,78
2026-02-22T18:00,13.5,0.00,0,82
2026-02-22T19:00,12.1,0.00,0,87
2026-02-22T20:00,11.2,0.00,9,88
2026-02-22T21:00,10.7,0.00,2,88
2026-02-22T22:00,9.9,0.00,0,89
2026-02-22T23:00,9.0,0.00,0,90
2026-02-23T00:00,8.8,0.00,79,89
2026-02-23T01:00,8.4,0.00,98,87
2026-02-23T02:00,7.9,0.00,99,87
2026-02-23T03:00,7.6,0.00,99,86
2026-02-23T04:00,7.6,0.00,80,82
2026-02-23T05:00,7.7,0.00,86,80
2026-02-23T06:00,7.4,0.00,84,80
2026-02-23T07:00,7.2,0.00,99,81
2026-02-23T08:00,7.5,0.00,98,81
2026-02-23T09:00,10.4,0.00,100,75
2026-02-23T10:00,13.9,0.00,100,76
2026-02-23T11:00,17.8,0.00,100,68
2026-02-23T12:00,19.3,0.00,100,58
2026-02-23T13:00,20.0,0.00,100,58
2026-02-23T14:00,20.0,0.00,100,58
2026-02-23T15:00,19.2,0.00,100,64
2026-02-23T16:00,17.4,0.00,100,73
2026-02-23T17:00,16.4,0.00,100,75
2026-02-23T18:00,15.3,0.00,100,79
2026-02-23T19:00,14.4,0.00,100,72
2026-02-23T20:00,13.7,0.00,100,71
2026-02-23T21:00,13.6,0.00,97,70
2026-02-23T22:00,12.9,0.00,99,74
2026-02-23T23:00,12.4,0.00,28,78
2026-02-24T00:00,11.4,0.00,100,83
2026-02-24T01:00,11.1,0.00,100,85
2026-02-24T02:00,11.4,0.00,80,85
2026-02-24T03:00,11.4,0.00,5,89
2026-02-24T04:00,11.3,0.00,16,91
2026-02-24T05:00,11.0,0.00,18,89
2026-02-24T06:00,11.1,0.00,16,92
2026-02-24T07:00,10.8,0.00,29,93
2026-02-24T08:00,11.0,0.00,38,91
2026-02-24T09:00,12.1,0.00,34,87
2026-02-24T10:00,13.6,0.00,6,83
2026-02-24T11:00,14.5,0.00,100,80
2026-02-24T12:00,14.8,0.00,100,75
2026-02-24T13:00,14.6,0.00,96,77
2026-02-24T14:00,15.6,0.00,94,74
2026-02-24T15:00,15.4,0.00,11,76
2026-02-24T16:00,14.9,0.00,69,78
2026-02-24T17:00,14.4,0.00,48,82
2026-02-24T18:00,13.9,0.00,98,85
2026-02-24T19:00,13.1,0.00,100,87
2026-02-24T20:00,13.2,0.00,100,87
2026-02-24T21:00,13.0,0.00,100,88
2026-02-24T22:00,13.0,0.00,100,89
2026-02-24T23:00,12.8,0.00,100,90
2026-02-25T00:00,13.1,0.00,100,81
2026-02-25T01:00,13.2,0.00,100,79
2026-02-25T02:00,12.9,0.10,100,80
2026-02-25T03:00,12.8,0.10,100,81
2026-02-25T04:00,12.6,0.00,100,86
2026-02-25T05:00,12.4,0.20,100,91
2026-02-25T06:00,12.9,0.40,100,92
2026-02-25T07:00,12.8,0.60,100,94
2026-02-25T08:00,12.6,1.20,100,95
2026-02-25T09:00,12.6,1.20,96,95
2026-02-25T10:00,13.1,0.20,100,89
2026-02-25T11:00,13.2,0.90,93,91
2026-02-25T12:00,13.1,0.10,98,90
2026-02-25T13:00,13.9,0.60,86,86
2026-02-25T14:00,15.1,0.10,72,79
2026-02-25T15:00,15.8,0.00,28,75
2026-02-25T16:00,15.2,0.00,12,79
2026-02-25T17:00,14.4,0.00,11,84
2026-02-25T18:00,13.9,0.00,6,88
2026-02-25T19:00,12.6,0.00,58,93
2026-02-25T20:00,12.1,0.00,95,93
2026-02-25T21:00,11.9,0.00,83,91
2026-02-25T22:00,11.4,0.00,27,91
2026-02-25T23:00,11.1,0.00,1,91
2026-02-26T00:00,10.7,0.00,3,95
2026-02-26T01:00,10.4,0.00,8,96
2026-02-26T02:00,10.2,0.00,9,96
2026-02-26T03:00,10.2,0.00,4,94
2026-02-26T04:00,9.9,0.00,2,93
2026-02-26T05:00,9.2,0.00,2,92
2026-02-26T06:00,8.8,0.00,11,92
2026-02-26T07:00,8.4,0.00,2,92
2026-02-26T08:00,8.7,0.00,0,92
2026-02-26T09:00,10.8,0.00,14,90
2026-02-26T10:00,12.9,0.00,34,83
2026-02-26T11:00,14.1,0.00,9,80
2026-02-26T12:00,14.3,0.00,12,85
2026-02-26T13:00,15.2,0.00,30,81
2026-02-26T14:00,15.7,0.00,30,81
2026-02-26T15:00,15.3,0.00,2,84
2026-02-26T16:00,14.5,0.00,0,87
2026-02-26T17:00,13.8,0.00,0,87
2026-02-26T18:00,12.7,0.00,0,90
2026-02-26T19:00,11.4,0.00,0,91
2026-02-26T20:00,11.1,0.00,0,90
2026-02-26T21:00,10.4,0.00,0,90
2026-02-26T22:00,9.9,0.00,67,91
2026-02-26T23:00,9.4,0.00,100,91
2026-02-27T00:00,9.3,0.00,100,92
2026-02-27T01:00,9.8,0.00,100,92
2026-02-27T02:00,9.3,0.00,100,95
2026-02-27T03:00,9.1,0.00,99,96
2026-02-27T04:00,9.2,0.00,100,95
2026-02-27T05:00,9.6,0.00,100,93
2026-02-27T06:00,9.1,0.00,100,94
2026-02-27T07:00,9.3,0.80,100,94
2026-02-27T08:00,9.9,0.30,100,93
2026-02-27T09:00,10.9,0.40,100,93
2026-02-27T10:00,11.6,0.10,100,93
2026-02-27T11:00,11.9,0.70,100,92
2026-02-27T12:00,11.9,0.30,100,94
2026-02-27T13:00,13.0,0.10,100,90
2026-02-27T14:00,13.3,0.00,100,79
2026-02-27T15:00,13.9,0.00,58,69
2026-02-27T16:00,13.4,0.00,38,68
2026-02-27T17:00,12.6,0.00,1,73
2026-02-27T18:00,11.6,0.00,2,77
2026-02-27T19:00,10.8,0.00,0,78
2026-02-27T20:00,10.3,0.00,0,78
2026-02-27T21:00,9.9,0.00,0,78
2026-02-27T22:00,9.7,0.00,0,80
2026-02-27T23:00,9.2,0.00,0,80
2026-02-28T00:00,9.1,0.00,0,79
2026-02-28T01:00,8.9,0.00,0,80
2026-02-28T02:00,8.5,0.00,0,81
2026-02-28T03:00,8.1,0.00,0,81
2026-02-28T04:00,7.6,0.00,31,82
2026-02-28T05:00,7.1,0.00,45,84
2026-02-28T06:00,6.4,0.00,95,83
2026-02-28T07:00,5.7,0.00,98,84
2026-02-28T08:00,6.2,0.00,100,81
2026-02-28T09:00,8.2,0.00,93,77
2026-02-28T10:00,10.3,0.00,0,67
2026-02-28T11:00,11.6,0.00,79,63
2026-02-28T12:00,12.9,0.00,98,63
2026-02-28T13:00,13.8,0.00,79,60
2026-02-28T14:00,14.4,0.00,77,58
2026-02-28T15:00,14.3,0.00,100,58
2026-02-28T16:00,13.7,0.00,95,63
2026-02-28T17:00,12.6,0.00,36,73
2026-02-28T18:00,11.6,0.00,1,77
2026-02-28T19:00,10.7,0.00,28,78
2026-02-28T20:00,10.4,0.00,31,79
2026-02-28T21:00,10.0,0.00,79,80
2026-02-28T22:00,9.1,0.00,69,82
2026-02-28T23:00,8.0,0.00,79,85
2026-03-01T00:00,7.3,0.00,82,87
2026-03-01T01:00,7.4,0.00,13,84
2026-03-01T02:00,7.1,0.00,98,84
2026-03-01T03:00,6.9,0.00,2,81
2026-03-01T04:00,6.8,0.00,100,77
2026-03-01T05:00,6.8,0.00,100,73
2026-03-01T06:00,7.1,0.00,100,72
2026-03-01T07:00,7.0,0.00,53,73
2026-03-01T08:00,7.3,0.00,2,73
2026-03-01T09:00,9.6,0.00,8,72
2026-03-01T10:00,12.6,0.00,0,68
2026-03-01T11:00,14.1,0.00,51,62
2026-03-01T12:00,15.0,0.00,73,63
2026-03-01T13:00,15.4,0.00,81,62
2026-03-01T14:00,15.1,0.00,95,64
2026-03-01T15:00,14.4,0.00,98,67
2026-03-01T16:00,13.9,0.00,80,68
2026-03-01T17:00,13.4,0.00,87,72
2026-03-01T18:00,12.8,0.00,83,79
2026-03-01T19:00,11.5,0.00,99,85
2026-03-01T20:00,11.0,0.00,79,86
2026-03-01T21:00,10.6,0.00,44,85
2026-03-01T22:00,10.1,0.00,9,82
2026-03-01T23:00,9.9,0.00,98,79
2026-03-02T00:00,10.5,0.00,100,79
2026-03-02T01:00,10.4,0.00,98,79
2026-03-02T02:00,10.4,0.00,100,80
2026-03-02T03:00,10.5,0.00,100,81
2026-03-02T04:00,10.6,0.00,100,83
2026-03-02T05:00,10.9,0.00,100,80
2026-03-02T06:00,10.9,0.00,100,81
2026-03-02T07:00,11.1,0.10,100,82
2026-03-02T08:00,11.5,0.00,100,81
2026-03-02T09:00,12.4,0.10,100,79
2026-03-02T10:00,13.4,0.10,100,76
2026-03-02T11:00,13.3,0.30,100,76
2026-03-02T12:00,14.8,0.70,100,67
2026-03-02T13:00,15.3,0.10,100,63
2026-03-02T14:00,15.4,0.00,100,64
2026-03-02T15:00,14.6,0.30,100,73
2026-03-02T16:00,12.6,0.10,100,88
2026-03-02T17:00,12.4,2.10,100,86
2026-03-02T18:00,12.6,0.60,100,89
2026-03-02T19:00,12.0,0.30,100,91
2026-03-02T20:00,11.7,0.10,100,91
2026-03-02T21:00,11.6,0.50,100,92
2026-03-02T22:00,11.2,0.10,100,94
2026-03-02T23:00,10.9,0.10,100,94
2026-03-03T00:00,11.0,0.60,100,94
2026-03-03T01:00,10.8,0.00,91,92
2026-03-03T02:00,10.7,0.00,84,90
2026-03-03T03:00,10.4,0.00,70,89
2026-03-03T04:00,10.5,0.00,17,86
2026-03-03T05:00,10.8,0.00,6,84
2026-03-03T06:00,11.4,0.00,4,83
2026-03-03T07:00,12.1,0.00,5,78
2026-03-03T08:00,12.5,0.00,30,75
2026-03-03T09:00,14.1,0.00,11,70
2026-03-03T10:00,15.9,0.00,7,65
2026-03-03T11:00,17.5,0.00,13,59
2026-03-03T12:00,18.4,0.00,65,57
2026-03-03T13:00,19.5,0.00,90,52
2026-03-03T14:00,20.0,0.00,76,48
2026-03-03T15:00,20.8,0.00,47,42
2026-03-03T16:00,19.9,0.00,65,50
2026-03-03T17:00,17.6,0.00,23,78
2026-03-03T18:00,16.6,0.00,22,82
2026-03-03T19:00,15.6,0.00,17,82
2026-03-03T20:00,14.9,0.00,2,80
2026-03-03T21:00,14.0,0.00,0,78
2026-03-03T22:00,13.9,0.00,0,69
2026-03-03T23:00,13.6,0.00,0,66
2026-03-04T00:00,13.6,0.00,0,68
2026-03-04T01:00,13.2,0.00,0,69
2026-03-04T02:00,12.9,0.00,0,69
2026-03-04T03:00,12.4,0.00,0,70
2026-03-04T04:00,12.1,0.00,0,71
2026-03-04T05:00,12.1,0.00,2,70
2026-03-04T06:00,12.6,0.00,2,68
2026-03-04T07:00,12.2,0.00,0,70
2026-03-04T08:00,12.6,0.00,0,70
2026-03-04T09:00,14.6,0.00,0,68
2026-03-04T10:00,16.9,0.00,0,62
2026-03-04T11:00,18.5,0.00,0,57
2026-03-04T12:00,18.8,0.00,0,56
2026-03-04T13:00,19.0,0.00,0,58
2026-03-04T14:00,17.6,0.00,0,78
2026-03-04T15:00,16.6,0.00,7,81
2026-03-04T16:00,16.1,0.00,13,74
2026-03-04T17:00,14.6,0.00,3,80
2026-03-04T18:00,13.0,0.00,0,90
2026-03-04T19:00,12.1,0.00,0,92
2026-03-04T20:00,11.6,0.00,2,93
2026-03-04T21:00,10.6,0.00,4,97
2026-03-04T22:00,10.3,0.00,27,98
2026-03-04T23:00,10.9,0.00,89,97
2026-03-05T00:00,11.2,0.00,100,99
2026-03-05T01:00,11.4,0.00,100,98
2026-03-05T02:00,11.4,0.00,100,96
2026-03-05T03:00,11.4,0.00,100,97
2026-03-05T04:00,11.4,0.00,100,96
2026-03-05T05:00,11.4,0.10,100,95
2026-03-05T06:00,11.5,0.10,100,95
2026-03-05T07:00,11.5,0.00,100,95
2026-03-05T08:00,11.6,0.00,100,92
2026-03-05T09:00,11.9,0.00,100,88
2026-03-05T10:00,12.4,0.10,100,84
2026-03-05T11:00,12.6,0.10,100,81
2026-03-05T12:00,12.9,0.20,100,78
2026-03-05T13:00,11.6,0.50,100,88
2026-03-05T14:00,10.8,1.00,100,86
2026-03-05T15:00,10.2,0.50,100,84
2026-03-05T16:00,9.9,0.50,100,80
2026-03-05T17:00,9.9,0.30,100,82
2026-03-05T18:00,9.6,0.10,100,82
2026-03-05T19:00,9.1,0.10,100,80
2026-03-05T20:00,8.9,0.10,100,79
2026-03-05T21:00,8.9,0.00,100,77
2026-03-05T22:00,8.8,0.00,100,75
2026-03-05T23:00,8.8,0.00,99,72
2026-03-06T00:00,9.1,0.00,100,71
2026-03-06T01:00,8.9,0.00,100,71
2026-03-06T02:00,8.7,0.00,100,71
2026-03-06T03:00,8.8,0.00,100,69
2026-03-06T04:00,8.8,0.00,100,69
2026-03-06T05:00,8.6,0.00,100,69
2026-03-06T06:00,8.3,0.00,100,70
2026-03-06T07:00,8.4,0.00,100,69
2026-03-06T08:00,8.6,0.00,100,68
2026-03-06T09:00,9.5,0.00,100,66
2026-03-06T10:00,10.6,0.00,100,65
2026-03-06T11:00,11.3,0.00,100,58
2026-03-06T12:00,12.1,0.00,94,55
2026-03-06T13:00,12.9,0.00,84,52
2026-03-06T14:00,13.7,0.00,66,49
2026-03-06T15:00,13.6,0.00,100,49
2026-03-06T16:00,13.3,0.00,95,50
2026-03-06T17:00,12.9,0.00,98,54
2026-03-06T18:00,12.4,0.00,97,58
2026-03-06T19:00,11.4,0.00,100,60
2026-03-06T20:00,10.6,0.00,100,62
2026-03-06T21:00,9.8,0.00,100,65
2026-03-06T22:00,9.0,0.00,100,68
2026-03-06T23:00,8.4,0.00,86,71
2026-03-07T00:00,8.2,0.00,20,73
2026-03-07T01:00,7.7,0.00,2,74
2026-03-07T02:00,7.2,0.00,0,77
2026-03-07T03:00,6.8,0.00,2,78
2026-03-07T04:00,6.6,0.00,8,79
2026-03-07T05:00,6.3,0.00,2,80
2026-03-07T06:00,6.2,0.00,0,79
2026-03-07T07:00,5.9,0.00,8,80
2026-03-07T08:00,6.7,0.00,27,78
2026-03-07T09:00,9.1,0.00,83,74
2026-03-07T10:00,12.1,0.00,100,68
2026-03-07T11:00,14.1,0.00,88,57
2026-03-07T12:00,15.1,0.00,31,56
2026-03-07T13:00,15.7,0.00,51,55
2026-03-07T14:00,14.8,0.00,47,66
2026-03-07T15:00,13.9,0.00,40,67
2026-03-07T16:00,13.4,0.00,19,67
2026-03-07T17:00,13.5,0.00,0,68
2026-03-07T18:00,12.9,0.00,18,78
2026-03-07T19:00,11.8,0.00,24,83
2026-03-07T20:00,11.1,0.00,35,82
2026-03-07T21:00,10.8,0.00,100,84
2026-03-07T22:00,10.2,0.00,100,86
2026-03-07T23:00,9.6,0.00,96,86
2026-03-08T00:00,8.8,0.00,98,91
2026-03-08T01:00,8.3,0.00,4,93
2026-03-08T02:00,8.1,0.00,9,92
2026-03-08T03:00,7.9,0.00,4,91
2026-03-08T04:00,7.7,0.00,7,91
2026-03-08T05:00,7.6,0.00,0,89
2026-03-08T06:00,7.0,0.00,0,90
2026-03-08T07:00,7.1,0.00,0,89
2026-03-08T08:00,8.1,0.00,0,88
2026-03-08T09:00,10.8,0.00,2,83
2026-03-08T10:00,12.7,0.00,2,80
2026-03-08T11:00,14.1,0.00,2,77
2026-03-08T12:00,14.1,0.00,38,77
2026-03-08T13:00,13.8,0.00,40,80
2026-03-08T14:00,13.8,0.00,72,80
2026-03-08T15:00,13.3,0.00,100,79
2026-03-08T16:00,12.8,0.00,100,79
2026-03-08T17:00,12.0,0.00,100,83
2026-03-08T18:00,11.8,0.00,91,86
2026-03-08T19:00,11.0,0.00,100,89
2026-03-08T20:00,10.9,0.00,99,89
2026-03-08T21:00,10.9,0.00,100,87
2026-03-08T22:00,10.9,0.00,100,87
2026-03-08T23:00,10.9,0.00,100,87
2026-03-09T00:00,10.9,0.00,100,83
2026-03-09T01:00,10.8,0.00,100,84
2026-03-09T02:00,10.2,0.00,100,84
2026-03-09T03:00,10.1,0.10,100,83
2026-03-09T04:00,9.9,0.70,100,86
2026-03-09T05:00,9.8,0.40,100,90
2026-03-09T06:00,9.9,0.40,100,93
2026-03-09T07:00,9.6,1.70,100,95
2026-03-09T08:00,9.7,0.90,100,89
2026-03-09T09:00,9.4,0.30,100,82
2026-03-09T10:00,9.6,0.30,91,77
2026-03-09T11:00,9.4,0.80,74,69
2026-03-09T12:00,9.7,0.10,61,72
2026-03-09T13:00,10.4,0.10,52,72
2026-03-09T14:00,10.1,0.40,65,76
2026-03-09T15:00,10.0,0.10,86,76
2026-03-09T16:00,10.1,0.10,57,77
2026-03-09T17:00,10.1,0.00,16,74
2026-03-09T18:00,9.6,0.00,30,81
2026-03-09T19:00,8.9,0.10,23,83
2026-03-09T20:00,8.8,0.00,48,85
2026-03-09T21:00,8.2,0.00,17,87
2026-03-09T22:00,7.9,0.00,3,85
2026-03-09T23:00,7.6,0.00,8,85
2026-03-10T00:00,7.9,0.00,5,83
2026-03-10T01:00,7.7,0.00,31,83
2026-03-10T02:00,7.5,0.00,91,82
2026-03-10T03:00,7.7,0.00,100,82
2026-03-10T04:00,7.6,0.00,100,84
2026-03-10T05:00,7.9,0.00,100,84
2026-03-10T06:00,7.6,0.00,100,86
2026-03-10T07:00,7.0,0.00,100,87
2026-03-10T08:00,7.3,0.00,100,87
2026-03-10T09:00,8.8,0.00,100,82
2026-03-10T10:00,10.4,0.00,100,78
2026-03-10T11:00,11.8,0.00,100,72
2026-03-10T12:00,13.6,0.00,48,63
2026-03-10T13:00,14.6,0.00,91,58
2026-03-10T14:00,14.7,0.00,77,60
2026-03-10T15:00,13.8,0.00,80,72
2026-03-10T16:00,12.8,0.00,96,73
2026-03-10T17:00,12.1,0.00,100,73
2026-03-10T18:00,11.6,0.00,35,80
2026-03-10T19:00,10.6,0.00,24,86
2026-03-10T20:00,10.4,0.00,41,88
2026-03-10T21:00,9.9,0.00,98,90
2026-03-10T22:00,9.5,0.00,100,89
2026-03-10T23:00,9.7,0.00,100,88
2026-03-11T00:00,9.9,0.00,98,88
2026-03-11T01:00,9.8,0.00,100,88
2026-03-11T02:00,9.6,0.00,82,90
2026-03-11T03:00,9.1,0.00,47,90
2026-03-11T04:00,8.4,0.00,36,89
2026-03-11T05:00,8.7,0.00,6,87
2026-03-11T06:00,8.2,0.00,44,90
2026-03-11T07:00,7.9,0.00,32,92
2026-03-11T08:00,8.8,0.00,100,91
2026-03-11T09:00,11.1,0.00,100,85
2026-03-11T10:00,12.8,0.00,61,79
2026-03-11T11:00,14.6,0.00,55,78
2026-03-11T12:00,15.0,0.00,70,79
2026-03-11T13:00,15.6,0.00,68,76
2026-03-11T14:00,15.6,0.00,70,78
2026-03-11T15:00,15.1,0.00,16,83
2026-03-11T16:00,14.8,0.00,30,84
2026-03-11T17:00,14.4,0.00,34,86
2026-03-11T18:00,13.9,0.00,19,91
2026-03-11T19:00,12.6,0.00,33,96
2026-03-11T20:00,12.1,0.00,11,95
2026-03-11T21:00,11.9,0.00,2,94
2026-03-11T22:00,11.8,0.00,0,92
2026-03-11T23:00,11.4,0.00,0,90
2026-03-12T00:00,11.0,0.00,13,93
2026-03-12T01:00,10.6,0.00,9,94
2026-03-12T02:00,9.8,0.00,41,97
2026-03-12T03:00,9.1,0.00,69,100
2026-03-12T04:00,8.6,0.00,100,100
2026-03-12T05:00,8.6,0.00,100,99
2026-03-12T06:00,9.1,0.00,100,100
2026-03-12T07:00,9.4,0.00,100,99
2026-03-12T08:00,9.9,0.00,100,99
2026-03-12T09:00,10.6,0.00,100,96
2026-03-12T10:00,12.6,0.00,53,88
2026-03-12T11:00,14.9,0.00,44,76
2026-03-12T12:00,15.1,0.00,100,76
2026-03-12T13:00,15.4,0.00,27,75
2026-03-12T14:00,15.2,0.00,12,74
2026-03-12T15:00,14.9,0.00,2,75
2026-03-12T16:00,14.1,0.00,11,78
2026-03-12T17:00,13.5,0.00,3,82
2026-03-12T18:00,12.7,0.00,0,84
2026-03-12T19:00,11.6,0.00,0,91
2026-03-12T20:00,11.1,0.00,0,91
2026-03-12T21:00,10.4,0.00,0,90
2026-03-12T22:00,9.6,0.00,0,91
2026-03-12T23:00,9.1,0.00,0,92
2026-03-13T00:00,8.7,0.00,24,94
2026-03-13T01:00,7.9,0.00,77,95
2026-03-13T02:00,8.1,0.00,100,97
2026-03-13T03:00,8.8,0.00,100,96
2026-03-13T04:00,9.1,0.00,100,97
2026-03-13T05:00,9.2,0.00,100,96
2026-03-13T06:00,9.4,0.10,100,93
2026-03-13T07:00,9.9,0.00,100,91
2026-03-13T08:00,10.6,0.00,100,89
2026-03-13T09:00,11.4,0.00,100,88
2026-03-13T10:00,12.1,0.00,100,86
2026-03-13T11:00,12.8,0.00,100,86
2026-03-13T12:00,12.9,0.00,100,84
2026-03-13T13:00,12.8,0.00,100,87
2026-03-13T14:00,13.1,1.00,100,89
2026-03-13T15:00,13.2,0.90,100,90
2026-03-13T16:00,13.6,0.10,100,92
2026-03-13T17:00,13.1,0.40,100,90
2026-03-13T18:00,12.8,0.40,100,94
2026-03-13T19:00,12.6,0.30,100,96
2026-03-13T20:00,12.6,0.20,100,96
2026-03-13T21:00,11.9,0.20,100,95
2026-03-13T22:00,11.6,0.20,89,93
2026-03-13T23:00,11.4,0.10,100,90
2026-03-14T00:00,11.3,0.10,100,92
2026-03-14T01:00,11.2,0.50,100,88
2026-03-14T02:00,10.9,0.40,100,89
2026-03-14T03:00,10.9,0.20,95,89
2026-03-14T04:00,10.9,0.10,100,89
2026-03-14T05:00,10.6,0.20,99,89
2026-03-14T06:00,10.2,0.20,100,92
2026-03-14T07:00,10.6,0.20,100,91
2026-03-14T08:00,11.1,0.20,100,89
2026-03-14T09:00,11.6,0.40,100,89
2026-03-14T10:00,11.9,0.60,100,90
2026-03-14T11:00,12.4,0.70,100,89
2026-03-14T12:00,12.4,1.20,100,91
2026-03-14T13:00,13.2,0.90,100,91
2026-03-14T14:00,13.6,0.70,100,93
2026-03-14T15:00,13.5,0.30,100,93
2026-03-14T16:00,13.4,0.30,100,92
2026-03-14T17:00,13.3,0.20,55,93
2026-03-14T18:00,12.9,0.00,46,92
2026-03-14T19:00,12.3,0.00,29,93
2026-03-14T20:00,11.9,0.00,32,93
2026-03-14T21:00,11.9,0.00,3,93
2026-03-14T22:00,11.8,0.00,0,91
2026-03-14T23:00,11.4,0.00,4,88
2026-03-15T00:00,10.9,0.00,5,81
2026-03-15T01:00,10.3,0.00,6,81
2026-03-15T02:00,10.1,0.00,8,81
2026-03-15T03:00,9.7,0.00,30,82
2026-03-15T04:00,9.4,0.00,13,82
2026-03-15T05:00,9.1,0.00,4,82
2026-03-15T06:00,9.1,0.00,5,82
2026-03-15T07:00,8.7,0.00,9,82
2026-03-15T08:00,9.3,0.00,2,79
2026-03-15T09:00,10.9,0.00,2,74
2026-03-15T10:00,12.4,0.00,2,67
2026-03-15T11:00,13.6,0.00,12,63
2026-03-15T12:00,14.9,0.00,8,62
2026-03-15T13:00,16.1,0.00,11,59
2026-03-15T14:00,16.9,0.00,18,59
2026-03-15T15:00,16.8,0.00,9,63
2026-03-15T16:00,15.8,0.00,0,74
2026-03-15T17:00,15.1,0.00,1,80
2026-03-15T18:00,14.9,0.00,0,83
2026-03-15T19:00,13.3,0.00,0,86
2026-03-15T20:00,12.8,0.00,0,89
2026-03-15T21:00,12.6,0.00,0,86
2026-03-15T22:00,12.4,0.00,0,81
2026-03-15T23:00,12.0,0.00,0,78
2026-03-16T00:00,11.6,0.00,0,78
2026-03-16T01:00,11.4,0.00,0,77
2026-03-16T02:00,11.2,0.00,0,77
2026-03-16T03:00,11.6,0.00,0,73
2026-03-16T04:00,12.5,0.00,0,67
2026-03-16T05:00,12.8,0.00,0,66
2026-03-16T06:00,12.6,0.00,0,67
2026-03-16T07:00,12.1,0.00,0,68
2026-03-16T08:00,12.9,0.00,0,65
2026-03-16T09:00,14.4,0.00,0,61
2026-03-16T10:00,15.9,0.00,0,59
2026-03-16T11:00,17.9,0.00,0,55
2026-03-16T12:00,20.0,0.00,0,50
2026-03-16T13:00,20.5,0.00,0,50
2026-03-16T14:00,20.1,0.00,0,59
2026-03-16T15:00,19.1,0.00,0,69
2026-03-16T16:00,18.3,0.00,0,75
2026-03-16T17:00,17.7,0.00,0,78
2026-03-16T18:00,16.7,0.00,0,81
2026-03-16T19:00,15.1,0.00,0,81
2026-03-16T20:00,14.9,0.00,0,79
2026-03-16T21:00,13.9,0.00,0,83
2026-03-16T22:00,13.4,0.00,0,82
2026-03-16T23:00,13.1,0.00,0,79
2026-03-17T00:00,12.8,0.00,0,75
2026-03-17T01:00,12.3,0.00,0,76
2026-03-17T02:00,12.1,0.00,0,75
2026-03-17T03:00,11.9,0.00,0,75
2026-03-17T04:00,11.7,0.00,0,74
2026-03-17T05:00,11.5,0.00,0,74
2026-03-17T06:00,11.6,0.00,0,72
2026-03-17T07:00,11.4,0.00,0,71
2026-03-17T08:00,12.2,0.00,0,69
2026-03-17T09:00,14.4,0.00,0,68
2026-03-17T10:00,17.4,0.00,0,60
2026-03-17T11:00,19.6,0.00,0,53
2026-03-17T12:00,21.0,0.00,0,49
2026-03-17T13:00,21.1,0.00,0,61
2026-03-17T14:00,20.6,0.00,0,64
2026-03-17T15:00,20.2,0.00,23,65
2026-03-17T16:00,19.1,0.00,94,68
2026-03-17T17:00,17.5,0.00,100,68
2026-03-17T18:00,16.6,0.00,100,68
2026-03-17T19:00,15.3,0.00,100,79
2026-03-17T20:00,14.8,0.00,100,82
2026-03-17T21:00,14.4,0.00,100,75
2026-03-17T22:00,14.2,0.00,76,80
2026-03-17T23:00,14.1,0.00,100,88
2026-03-18T00:00,14.1,0.00,80,88
2026-03-18T01:00,13.5,0.00,100,90
2026-03-18T02:00,13.3,0.00,100,89
2026-03-18T03:00,13.7,0.00,100,79
2026-03-18T04:00,13.3,0.00,57,79
2026-03-18T05:00,13.4,0.00,81,76
2026-03-18T06:00,13.9,0.00,100,78
2026-03-18T07:00,14.1,0.00,100,77
2026-03-18T08:00,14.9,0.00,100,72
2026-03-18T09:00,16.1,0.00,100,67
2026-03-18T10:00,16.4,0.10,100,68
2026-03-18T11:00,15.7,1.00,100,73
2026-03-18T12:00,17.2,0.00,48,66
2026-03-18T13:00,19.0,0.00,38,54
2026-03-18T14:00,19.6,0.00,32,53
2026-03-18T15:00,20.3,0.00,6,51
2026-03-18T16:00,20.3,0.00,30,49
2026-03-18T17:00,20.0,0.00,100,53
2026-03-18T18:00,18.8,0.80,52,56
2026-03-18T19:00,17.0,0.00,20,62
2026-03-18T20:00,16.5,0.00,30,61
2026-03-18T21:00,16.0,0.00,27,62
2026-03-18T22:00,15.6,0.00,66,63
2026-03-18T23:00,15.0,0.00,99,64
2026-03-19T00:00,14.6,0.00,100,67
2026-03-19T01:00,14.8,0.00,100,65
2026-03-19T02:00,15.1,0.00,100,61
2026-03-19T03:00,15.1,0.00,97,61
2026-03-19T04:00,14.6,0.00,78,61
2026-03-19T05:00,14.4,0.00,98,61
2026-03-19T06:00,14.4,0.00,99,61
2026-03-19T07:00,14.4,0.00,100,60
2026-03-19T08:00,15.6,0.00,99,56
2026-03-19T09:00,17.2,0.00,100,55
2026-03-19T10:00,17.8,0.00,78,58
2026-03-19T11:00,18.5,0.00,65,62
2026-03-19T12:00,18.2,0.00,99,66
2026-03-19T13:00,19.6,0.00,72,63
2026-03-19T14:00,20.6,0.00,95,61
2026-03-19T15:00,21.3,0.00,100,62
2026-03-19T16:00,19.5,0.00,94,71
2026-03-19T17:00,17.8,0.00,90,67
2026-03-19T18:00,15.6,0.00,98,72
2026-03-19T19:00,14.6,0.00,100,80
2026-03-19T20:00,14.1,0.00,100,80
2026-03-19T21:00,13.6,0.00,100,85
2026-03-19T22:00,13.4,0.10,100,89
2026-03-19T23:00,13.0,0.50,100,92
2026-03-20T00:00,13.1,0.00,100,95
2026-03-20T01:00,13.3,0.10,100,93
2026-03-20T02:00,13.1,0.00,99,94
2026-03-20T03:00,13.1,0.10,100,93
2026-03-20T04:00,13.1,0.50,100,93
2026-03-20T05:00,12.9,2.00,100,95
2026-03-20T06:00,12.6,1.50,100,98
2026-03-20T07:00,12.8,2.90,100,97
2026-03-20T08:00,12.9,2.00,100,96
2026-03-20T09:00,13.6,0.30,99,90
2026-03-20T10:00,14.3,0.10,100,87
2026-03-20T11:00,15.5,0.00,84,78
2026-03-20T12:00,15.5,0.00,100,77
2026-03-20T13:00,16.8,0.70,100,70
2026-03-20T14:00,16.5,0.00,100,70
2026-03-20T15:00,17.1,0.00,100,68
2026-03-20T16:00,16.9,0.00,70,71
2026-03-20T17:00,17.2,0.00,91,71
2026-03-20T18:00,16.3,0.00,98,82
2026-03-20T19:00,14.8,0.00,100,90
2026-03-20T20:00,14.6,0.30,100,91
2026-03-20T21:00,14.2,0.00,100,90
2026-03-20T22:00,14.2,0.00,100,86
2026-03-20T23:00,14.1,0.00,100,82
2026-03-21T00:00,13.4,0.00,100,84
2026-03-21T01:00,13.2,0.00,99,86
2026-03-21T02:00,12.2,0.00,99,88
2026-03-21T03:00,12.0,0.00,70,87
2026-03-21T04:00,11.7,0.00,48,88
2026-03-21T05:00,11.6,0.00,54,89
2026-03-21T06:00,11.9,0.00,65,88
2026-03-21T07:00,11.7,0.00,76,88
2026-03-21T08:00,13.1,0.00,92,84
2026-03-21T09:00,15.1,0.00,97,82
2026-03-21T10:00,16.7,0.00,79,71
2026-03-21T11:00,17.4,0.00,15,67
2026-03-21T12:00,18.1,0.00,38,63
2026-03-21T13:00,17.6,0.10,53,73
2026-03-21T14:00,16.9,0.00,89,79
2026-03-21T15:00,16.3,0.00,40,80
2026-03-21T16:00,15.5,0.00,39,78
2026-03-21T17:00,15.1,0.00,99,77
2026-03-21T18:00,14.8,0.00,75,82
2026-03-21T19:00,13.9,0.00,13,88
2026-03-21T20:00,13.4,0.00,9,89
2026-03-21T21:00,12.7,0.00,5,92
2026-03-21T22:00,12.1,0.00,2,92
2026-03-21T23:00,11.6,0.00,0,92
2026-03-22T00:00,10.9,0.00,1,95
2026-03-22T01:00,10.6,0.00,1,95
2026-03-22T02:00,10.4,0.00,1,95
2026-03-22T03:00,10.0,0.00,15,95
2026-03-22T04:00,9.4,0.00,48,96
2026-03-22T05:00,9.0,0.00,80,97
2026-03-22T06:00,8.9,0.00,99,97
2026-03-22T07:00,8.9,0.00,99,99
2026-03-22T08:00,10.2,0.00,98,98
2026-03-22T09:00,13.1,0.00,9,90
2026-03-22T10:00,15.8,0.00,5,78
2026-03-22T11:00,16.8,0.00,1,76
2026-03-22T12:00,16.8,0.00,17,79
2026-03-22T13:00,16.6,0.00,28,82
2026-03-22T14:00,16.5,0.00,26,83
2026-03-22T15:00,15.9,0.00,39,84
2026-03-22T16:00,15.6,0.00,27,86
2026-03-22T17:00,15.2,0.00,17,87
2026-03-22T18:00,14.5,0.00,16,90
2026-03-22T19:00,13.2,0.00,7,94
2026-03-22T20:00,12.4,0.00,0,93
2026-03-22T21:00,12.4,0.00,0,91
2026-03-22T22:00,11.4,0.00,0,94
2026-03-22T23:00,10.9,0.00,9,94
2026-03-23T00:00,10.8,0.00,1,95
2026-03-23T01:00,10.4,0.00,1,96
2026-03-23T02:00,10.1,0.00,8,96
2026-03-23T03:00,10.4,0.00,6,94
2026-03-23T04:00,10.2,0.00,11,94
2026-03-23T05:00,9.9,0.00,13,93
2026-03-23T06:00,9.4,0.00,100,93
2026-03-23T07:00,10.1,0.00,83,93
2026-03-23T08:00,12.1,0.00,0,79
2026-03-23T09:00,14.6,0.00,0,65
2026-03-23T10:00,16.8,0.00,0,58
2026-03-23T11:00,18.5,0.00,0,53
2026-03-23T12:00,19.3,0.00,0,49
2026-03-23T13:00,20.3,0.00,0,50
2026-03-23T14:00,20.4,0.00,0,59
2026-03-23T15:00,19.7,0.00,0,67
2026-03-23T16:00,19.2,0.00,2,71
2026-03-23T17:00,18.9,0.00,0,75
2026-03-23T18:00,17.6,0.00,0,82
2026-03-23T19:00,16.3,0.00,0,75
2026-03-23T20:00,15.9,0.00,0,70
2026-03-23T21:00,15.2,0.00,0,70
2026-03-23T22:00,14.7,0.00,0,60
2026-03-23T23:00,14.4,0.00,0,52
2026-03-24T00:00,14.3,0.00,0,54
2026-03-24T01:00,14.1,0.00,0,55
2026-03-24T02:00,13.8,0.00,0,54
2026-03-24T03:00,13.4,0.00,0,55
2026-03-24T04:00,13.2,0.00,0,55
2026-03-24T05:00,13.0,0.00,0,54
2026-03-24T06:00,12.9,0.00,0,55
2026-03-24T07:00,12.4,0.00,0,56
2026-03-24T08:00,13.2,0.00,0,56
2026-03-24T09:00,15.1,0.00,0,58
2026-03-24T10:00,17.6,0.00,0,52
2026-03-24T11:00,19.7,0.00,27,46
2026-03-24T12:00,20.4,0.00,0,41
2026-03-24T13:00,20.2,0.00,0,41
2026-03-24T14:00,19.8,0.00,0,42
2026-03-24T15:00,19.2,0.00,0,42
2026-03-24T16:00,18.2,0.00,0,48
2026-03-24T17:00,17.4,0.00,0,55
2026-03-24T18:00,16.6,0.00,1,65
2026-03-24T19:00,14.8,0.00,21,69
2026-03-24T20:00,14.2,0.00,76,66
2026-03-24T21:00,13.5,0.00,55,66
2026-03-24T22:00,12.8,0.00,2,67
2026-03-24T23:00,12.2,0.00,59,68
2026-03-25T00:00,11.8,0.00,100,71
2026-03-25T01:00,11.1,0.00,71,80
2026-03-25T02:00,10.3,0.00,42,84
2026-03-25T03:00,9.6,0.00,77,88
2026-03-25T04:00,9.9,0.00,3,83
2026-03-25T05:00,9.8,0.00,57,80
2026-03-25T06:00,8.7,0.00,60,88
2026-03-25T07:00,8.8,0.00,1,88
2026-03-25T08:00,11.1,0.00,61,82
2026-03-25T09:00,14.3,0.00,40,74
2026-03-25T10:00,16.5,0.00,0,69
2026-03-25T11:00,17.5,0.00,0,69
2026-03-25T12:00,18.8,0.00,0,64
2026-03-25T13:00,20.0,0.00,0,59
2026-03-25T14:00,20.5,0.00,0,54
2026-03-25T15:00,19.7,0.00,0,62
2026-03-25T16:00,18.9,0.00,0,66
2026-03-25T17:00,18.4,0.00,0,67
2026-03-25T18:00,18.0,0.00,1,67
2026-03-25T19:00,16.1,0.00,25,65
2026-03-25T20:00,14.8,0.00,35,66
2026-03-25T21:00,14.0,0.00,72,66
2026-03-25T22:00,13.6,0.00,86,66
2026-03-25T23:00,13.6,0.00,99,64
2026-03-26T00:00,13.6,0.00,84,62
2026-03-26T01:00,13.4,0.00,44,61
2026-03-26T02:00,12.9,0.00,5,56
2026-03-26T03:00,12.1,0.00,56,55
2026-03-26T04:00,11.2,0.00,2,56
2026-03-26T05:00,10.4,0.00,21,59
2026-03-26T06:00,10.2,0.00,49,59
2026-03-26T07:00,10.1,0.00,83,59
2026-03-26T08:00,11.0,0.00,43,57
2026-03-26T09:00,12.1,0.00,30,53
2026-03-26T10:00,13.6,0.00,63,49
2026-03-26T11:00,15.1,0.00,42,46
2026-03-26T12:00,17.3,0.00,84,43
2026-03-26T13:00,18.6,0.00,55,40
2026-03-26T14:00,19.4,0.00,75,38
2026-03-26T15:00,19.8,0.00,34,38
2026-03-26T16:00,19.9,0.00,61,38
2026-03-26T17:00,18.9,0.00,51,51
2026-03-26T18:00,17.8,0.00,29,70
2026-03-26T19:00,15.6,0.00,23,83
2026-03-26T20:00,15.1,0.00,7,69
2026-03-26T21:00,14.7,0.00,5,57
2026-03-26T22:00,14.4,0.00,0,53
2026-03-26T23:00,14.1,0.00,0,52
2026-03-27T00:00,13.6,0.00,2,51
2026-03-27T01:00,13.1,0.00,2,47
2026-03-27T02:00,12.1,0.00,13,47
2026-03-27T03:00,11.3,0.00,10,48
2026-03-27T04:00,10.6,0.00,10,50
2026-03-27T05:00,10.0,0.00,9,52
2026-03-27T06:00,9.9,0.00,0,53
2026-03-27T07:00,9.6,0.00,0,55
2026-03-27T08:00,10.6,0.00,0,54
2026-03-27T09:00,12.3,0.00,0,50
2026-03-27T10:00,14.2,0.00,13,46
2026-03-27T11:00,16.1,0.00,89,43
2026-03-27T12:00,18.0,0.00,27,42
2026-03-27T13:00,19.4,0.00,6,41
2026-03-27T14:00,20.0,0.00,0,44
2026-03-27T15:00,19.1,0.00,55,61
2026-03-27T16:00,18.8,0.00,7,63
2026-03-27T17:00,18.1,0.00,0,63
2026-03-27T18:00,17.0,0.00,0,67
2026-03-27T19:00,15.2,0.00,0,77
2026-03-27T20:00,14.2,0.00,0,84
2026-03-27T21:00,13.8,0.00,1,84
2026-03-27T22:00,13.0,0.00,2,88
2026-03-27T23:00,12.5,0.00,1,89
2026-03-28T00:00,12.1,0.00,0,86
2026-03-28T01:00,12.1,0.00,10,77
2026-03-28T02:00,13.4,0.00,95,56
2026-03-28T03:00,13.7,0.00,43,49
2026-03-28T04:00,12.8,0.00,9,52
2026-03-28T05:00,11.9,0.00,0,54
2026-03-28T06:00,11.3,0.00,5,57
2026-03-28T07:00,10.9,0.00,6,58
2026-03-28T08:00,12.2,0.00,10,55
2026-03-28T09:00,13.9,0.00,0,51
2026-03-28T10:00,15.4,0.00,0,47
2026-03-28T11:00,16.5,0.00,0,44
2026-03-28T12:00,18.3,0.00,2,42
2026-03-28T13:00,19.5,0.00,0,39
2026-03-28T14:00,20.5,0.00,0,37
2026-03-28T15:00,20.9,0.00,0,35
2026-03-28T16:00,21.1,0.00,0,35
2026-03-28T17:00,20.0,0.00,0,50
2026-03-28T18:00,18.9,0.00,1,64
2026-03-28T19:00,17.8,0.00,0,52
2026-03-28T20:00,16.4,0.00,0,48
2026-03-28T21:00,15.1,0.00,0,52
2026-03-28T22:00,14.1,0.00,0,55
2026-03-28T23:00,13.3,0.00,0,55
2026-03-29T00:00,12.5,0.00,0,58
2026-03-29T01:00,11.8,0.00,0,59
2026-03-29T02:00,11.1,0.00,0,59
2026-03-29T03:00,10.8,0.00,4,60
2026-03-29T04:00,10.3,0.00,0,59
2026-03-29T05:00,9.8,0.00,0,59
2026-03-29T06:00,9.2,0.00,0,60
2026-03-29T07:00,8.9,0.00,0,62
2026-03-29T08:00,10.2,0.00,2,61
2026-03-29T09:00,12.2,0.00,6,50
2026-03-29T10:00,13.9,0.00,35,44
2026-03-29T11:00,15.4,0.00,16,42
2026-03-29T12:00,16.5,0.00,14,42
2026-03-29T13:00,17.7,0.00,27,40
2026-03-29T14:00,18.6,0.00,42,37
2026-03-29T15:00,19.6,0.00,100,32
2026-03-29T16:00,19.7,0.00,1,29
2026-03-29T17:00,18.6,0.00,18,34
2026-03-29T18:00,17.4,0.00,95,45
2026-03-29T19:00,15.9,0.00,98,45
2026-03-29T20:00,14.8,0.00,100,43
2026-03-29T21:00,13.9,0.00,100,45
2026-03-29T22:00,12.9,0.00,58,48
2026-03-29T23:00,12.2,0.00,7,51
2026-03-30T00:00,11.9,0.00,35,52
2026-03-30T01:00,11.9,0.00,95,50
2026-03-30T02:00,11.9,0.00,96,44
2026-03-30T03:00,11.4,0.00,98,41
2026-03-30T04:00,10.9,0.00,57,41
2026-03-30T05:00,10.1,0.00,80,44
2026-03-30T06:00,9.4,0.00,80,47
2026-03-30T07:00,9.4,0.00,71,48
2026-03-30T08:00,10.8,0.00,16,45
2026-03-30T09:00,12.9,0.00,55,41
2026-03-30T10:00,15.0,0.00,58,38
2026-03-30T11:00,16.6,0.00,2,35
2026-03-30T12:00,18.0,0.00,44,35
2026-03-30T13:00,19.6,0.00,48,32
2026-03-30T14:00,20.4,0.00,13,31
2026-03-30T15:00,21.0,0.00,5,32
2026-03-30T16:00,20.4,0.00,0,45
2026-03-30T17:00,19.6,0.00,0,55
2026-03-30T18:00,19.0,0.00,0,63
2026-03-30T19:00,17.7,0.00,0,65
2026-03-30T20:00,17.1,0.00,0,62
2026-03-30T21:00,16.7,0.00,0,61
2026-03-30T22:00,16.2,0.00,0,62
2026-03-30T23:00,15.0,0.00,0,63
2026-03-31T00:00,14.1,0.00,0,66
2026-03-31T01:00,13.9,0.00,0,67
2026-03-31T02:00,13.7,0.00,0,68
2026-03-31T03:00,13.7,0.00,0,66
2026-03-31T04:00,13.9,0.00,0,63
2026-03-31T05:00,13.6,0.00,0,63
2026-03-31T06:00,13.4,0.00,0,62
2026-03-31T07:00,13.4,0.00,0,63
2026-03-31T08:00,15.4,0.00,0,57
2026-03-31T09:00,17.9,0.00,0,49
2026-03-31T10:00,19.9,0.00,0,43
2026-03-31T11:00,21.5,0.00,0,38
2026-03-31T12:00,22.7,0.00,0,38
2026-03-31T13:00,23.9,0.00,0,36
2026-03-31T14:00,23.8,0.00,0,47
2026-03-31T15:00,23.8,0.00,1,52
2026-03-31T16:00,23.4,0.00,0,52
2026-03-31T17:00,22.6,0.00,2,53
2026-03-31T18:00,21.9,0.00,2,50
2026-03-31T19:00,20.5,0.00,0,57
2026-03-31T20:00,19.6,0.00,0,60
2026-03-31T21:00,19.0,0.00,0,61
2026-03-31T22:00,18.6,0.00,0,59
2026-03-31T23:00,18.4,0.00,0,53
2026-04-01T00:00,18.2,0.00,0,41
2026-04-01T01:00,17.2,0.00,0,43
2026-04-01T02:00,16.2,0.00,0,45
2026-04-01T03:00,15.4,0.00,0,47
2026-04-01T04:00,14.6,0.00,0,48
2026-04-01T05:00,14.1,0.00,0,50
2026-04-01T06:00,14.2,0.00,0,49
2026-04-01T07:00,14.1,0.00,0,50
2026-04-01T08:00,15.1,0.00,0,47
2026-04-01T09:00,16.9,0.00,0,42
2026-04-01T10:00,18.9,0.00,0,38
2026-04-01T11:00,20.5,0.00,0,34
2026-04-01T12:00,21.8,0.00,2,34
2026-04-01T13:00,23.0,0.00,1,31
2026-04-01T14:00,21.9,0.00,0,44
2026-04-01T15:00,20.4,0.00,18,47
2026-04-01T16:00,19.1,0.00,0,48
2026-04-01T17:00,18.8,0.00,8,50
2026-04-01T18:00,17.6,0.00,91,56
2026-04-01T19:00,16.1,0.00,87,65
2026-04-01T20:00,15.6,0.00,15,69
2026-04-01T21:00,15.9,0.00,20,65
2026-04-01T22:00,15.4,0.00,16,67
2026-04-01T23:00,13.8,0.00,33,76
2026-04-02T00:00,12.9,0.00,13,79
2026-04-02T01:00,11.9,0.00,10,85
2026-04-02T02:00,11.1,0.00,24,88
2026-04-02T03:00,10.4,0.00,64,90
2026-04-02T04:00,10.1,0.00,13,87
2026-04-02T05:00,9.9,0.00,29,77
2026-04-02T06:00,9.4,0.00,56,68
2026-04-02T07:00,9.9,0.00,51,64
2026-04-02T08:00,12.3,0.00,100,56
2026-04-02T09:00,15.9,0.00,26,47
2026-04-02T10:00,18.0,0.00,0,45
2026-04-02T11:00,19.4,0.00,0,41
2026-04-02T12:00,20.5,0.00,0,39
2026-04-02T13:00,20.5,0.00,0,44
2026-04-02T14:00,20.6,0.00,1,46
2026-04-02T15:00,20.3,0.00,20,47
2026-04-02T16:00,19.0,0.00,25,55
2026-04-02T17:00,17.9,0.00,4,61
2026-04-02T18:00,17.0,0.00,0,65
2026-04-02T19:00,15.9,0.00,21,69
2026-04-02T20:00,15.6,0.00,20,67
2026-04-02T21:00,15.2,0.00,16,62
2026-04-02T22:00,14.5,0.00,24,56
2026-04-02T23:00,13.7,0.00,64,55
2026-04-03T00:00,12.9,0.00,100,61
2026-04-03T01:00,12.3,0.00,42,64
2026-04-03T02:00,11.6,0.00,18,67
2026-04-03T03:00,10.9,0.00,30,66
2026-04-03T04:00,10.8,0.00,33,61
2026-04-03T05:00,10.8,0.00,17,57
2026-04-03T06:00,11.1,0.00,1,59
2026-04-03T07:00,11.2,0.00,0,61
2026-04-03T08:00,13.4,0.00,0,57
2026-04-03T09:00,16.3,0.00,0,50
2026-04-03T10:00,19.1,0.00,0,44
2026-04-03T11:00,21.4,0.00,0,40
2026-04-03T12:00,22.2,0.00,0,40
2026-04-03T13:00,21.8,0.00,1,46
2026-04-03T14:00,21.5,0.00,0,45
2026-04-03T15:00,21.0,0.00,0,42
2026-04-03T16:00,20.2,0.00,0,43
2026-04-03T17:00,19.0,0.00,0,54
2026-04-03T18:00,17.8,0.00,0,64
2026-04-03T19:00,16.1,0.00,0,72
2026-04-03T20:00,15.2,0.00,0,76
2026-04-03T21:00,14.8,0.00,0,82
2026-04-03T22:00,14.4,0.00,0,79
2026-04-03T23:00,14.9,0.00,1,69
2026-04-04T00:00,14.8,0.00,0,65
2026-04-04T01:00,14.7,0.00,0,62
2026-04-04T02:00,14.4,0.00,0,61
2026-04-04T03:00,13.7,0.00,0,60
2026-04-04T04:00,12.9,0.00,0,60
2026-04-04T05:00,12.3,0.00,0,59
2026-04-04T06:00,11.9,0.00,0,60
2026-04-04T07:00,12.3,0.00,0,57
2026-04-04T08:00,14.9,0.00,0,53
2026-04-04T09:00,18.5,0.00,0,49
2026-04-04T10:00,21.1,0.00,0,40
2026-04-04T11:00,21.8,0.00,2,39
2026-04-04T12:00,22.9,0.00,1,37
2026-04-04T13:00,23.0,0.00,4,36
2026-04-04T14:00,22.2,0.00,16,38
2026-04-04T15:00,21.5,0.00,100,40
2026-04-04T16:00,20.6,0.00,88,43
2026-04-04T17:00,19.5,0.00,27,48
2026-04-04T18:00,18.5,0.00,2,54
2026-04-04T19:00,16.6,0.00,0,66
2026-04-04T20:00,15.3,0.00,20,77
2026-04-04T21:00,14.1,0.00,0,82
2026-04-04T22:00,13.4,0.00,0,83
2026-04-04T23:00,13.1,0.00,0,78
2026-04-05T00:00,12.6,0.00,95,83
2026-04-05T01:00,12.3,0.00,77,84
2026-04-05T02:00,11.9,0.00,83,88
2026-04-05T03:00,11.4,0.00,91,90
2026-04-05T04:00,11.4,0.00,91,89
2026-04-05T05:00,11.1,0.00,96,89
2026-04-05T06:00,10.8,0.00,90,88
2026-04-05T07:00,10.9,0.00,83,85
2026-04-05T08:00,13.6,0.00,0,75
2026-04-05T09:00,16.0,0.00,0,66
2026-04-05T10:00,18.5,0.00,0,58
2026-04-05T11:00,20.3,0.00,0,51
2026-04-05T12:00,21.1,0.00,0,49
2026-04-05T13:00,22.1,0.00,0,44
2026-04-05T14:00,22.8,0.00,0,41
2026-04-05T15:00,22.9,0.00,0,39
2026-04-05T16:00,22.2,0.00,0,42
2026-04-05T17:00,21.3,0.00,0,47
2026-04-05T18:00,20.4,0.00,0,51
2026-04-05T19:00,19.4,0.00,5,56
2026-04-05T20:00,18.5,0.00,7,59
2026-04-05T21:00,18.0,0.00,45,62
2026-04-05T22:00,17.6,0.00,60,62
2026-04-05T23:00,17.6,0.00,83,59
2026-04-06T00:00,17.1,0.00,98,58
2026-04-06T01:00,16.8,0.00,94,56
2026-04-06T02:00,16.6,0.00,0,56
2026-04-06T03:00,16.8,0.00,4,55
2026-04-06T04:00,16.4,0.00,0,56
2026-04-06T05:00,15.8,0.00,0,58
2026-04-06T06:00,15.4,0.00,0,60
2026-04-06T07:00,15.6,0.00,0,59
2026-04-06T08:00,18.6,0.00,0,49
2026-04-06T09:00,23.1,0.00,0,38
2026-04-06T10:00,25.9,0.00,0,28
2026-04-06T11:00,27.8,0.00,9,18
2026-04-06T12:00,28.2,0.00,95,15
2026-04-06T13:00,27.0,0.00,98,21
2026-04-06T14:00,26.4,0.00,61,22
2026-04-06T15:00,24.8,0.00,100,32
2026-04-06T16:00,22.2,0.80,100,51
2026-04-06T17:00,20.0,0.70,100,57
2026-04-06T18:00,21.3,0.00,100,48
2026-04-06T19:00,17.3,2.10,100,78
2026-04-06T20:00,16.5,0.90,100,81
2026-04-06T21:00,16.4,1.30,100,80
2026-04-06T22:00,16.1,1.50,87,82
2026-04-06T23:00,16.3,0.10,96,77
2026-04-07T00:00,15.6,0.00,100,83
2026-04-07T01:00,16.7,0.00,48,76
2026-04-07T02:00,16.8,0.10,70,75
2026-04-07T03:00,15.8,0.00,100,77
2026-04-07T04:00,15.7,0.00,93,79
2026-04-07T05:00,15.1,0.40,100,82
2026-04-07T06:00,15.8,0.00,100,80
2026-04-07T07:00,16.1,0.30,99,78
2026-04-07T08:00,15.6,2.20,100,87
2026-04-07T09:00,17.1,0.80,100,80
2026-04-07T10:00,17.2,2.00,100,79
2026-04-07T11:00,14.7,2.30,100,90
2026-04-07T12:00,13.9,0.40,100,81
2026-04-07T13:00,14.1,0.40,100,72
2026-04-07T14:00,13.8,0.30,100,74
2026-04-07T15:00,14.1,0.00,100,68
2026-04-07T16:00,13.1,0.00,100,74
2026-04-07T17:00,12.4,0.20,98,74
2026-04-07T18:00,12.2,0.10,100,78
2026-04-07T19:00,12.0,0.00,100,79
2026-04-07T20:00,12.2,0.00,100,77
2026-04-07T21:00,12.2,0.00,100,77
2026-04-07T22:00,12.1,0.00,95,78
2026-04-07T23:00,11.6,0.00,100,81
2026-04-08T00:00,10.9,0.00,62,85
2026-04-08T01:00,10.4,0.00,79,87
2026-04-08T02:00,10.4,0.00,100,88
2026-04-08T03:00,10.1,0.00,100,90
2026-04-08T04:00,9.5,0.00,100,89
2026-04-08T05:00,9.2,0.00,100,88
2026-04-08T06:00,9.9,0.00,100,89
2026-04-08T07:00,10.7,0.00,99,88
2026-04-08T08:00,12.1,0.00,100,85
2026-04-08T09:00,12.8,0.00,100,79
2026-04-08T10:00,13.8,0.00,100,75
2026-04-08T11:00,13.0,0.20,100,79
2026-04-08T12:00,14.1,0.00,100,76
2026-04-08T13:00,13.4,0.60,100,82
2026-04-08T14:00,13.9,0.10,100,84
2026-04-08T15:00,14.8,0.00,100,75
2026-04-08T16:00,15.1,0.00,99,74
2026-04-08T17:00,14.6,0.00,100,81
2026-04-08T18:00,13.6,0.00,100,86
2026-04-08T19:00,12.7,0.10,100,92
2026-04-08T20:00,12.4,0.00,100,93
2026-04-08T21:00,12.4,0.00,100,93
2026-04-08T22:00,12.5,0.00,59,92
2026-04-08T23:00,12.0,0.00,94,95
2026-04-09T00:00,11.0,0.00,87,99
2026-04-09T01:00,11.0,0.00,45,97
2026-04-09T02:00,10.4,0.00,53,98
2026-04-09T03:00,10.6,0.00,58,96
2026-04-09T04:00,10.7,0.00,73,95
2026-04-09T05:00,10.5,0.00,100,95
2026-04-09T06:00,10.9,0.00,93,92
2026-04-09T07:00,11.4,0.00,99,89
2026-04-09T08:00,12.7,0.00,47,87
2026-04-09T09:00,15.4,0.00,1,80
2026-04-09T10:00,18.0,0.00,0,73
2026-04-09T11:00,18.5,0.00,7,78
2026-04-09T12:00,18.8,0.00,3,81
2026-04-09T13:00,19.9,0.00,2,80
2026-04-09T14:00,20.8,0.00,6,81
2026-04-09T15:00,21.2,0.00,59,84
2026-04-09T16:00,21.0,0.00,34,87
2026-04-09T17:00,22.0,0.00,16,87
2026-04-09T18:00,23.9,0.00,2,80
2026-04-09T19:00,22.8,0.00,9,67
2026-04-09T20:00,21.1,0.00,0,63
2026-04-09T21:00,20.5,0.00,17,63
2026-04-09T22:00,20.2,0.00,13,60
2026-04-09T23:00,20.0,0.00,0,57
2026-04-10T00:00,20.1,0.00,0,57
2026-04-10T01:00,20.0,0.00,0,55
2026-04-10T02:00,20.4,0.00,0,52
2026-04-10T03:00,19.9,0.00,0,54
2026-04-10T04:00,19.4,0.00,0,56
2026-04-10T05:00,19.0,0.00,0,58
2026-04-10T06:00,18.8,0.00,27,58
2026-04-10T07:00,19.0,0.00,8,57
2026-04-10T08:00,20.4,0.00,0,54
2026-04-10T09:00,22.1,0.00,2,54
2026-04-10T10:00,23.9,0.00,0,55
2026-04-10T11:00,25.9,0.00,10,51
2026-04-10T12:00,26.4,0.00,6,52
2026-04-10T13:00,25.3,0.00,13,63
2026-04-10T14:00,22.4,0.00,12,77
2026-04-10T15:00,21.2,0.00,3,73
2026-04-10T16:00,20.5,0.00,13,73
2026-04-10T17:00,19.0,0.00,16,78
2026-04-10T18:00,16.4,0.00,43,88
2026-04-10T19:00,14.9,0.00,39,92
2026-04-10T20:00,14.3,0.00,39,92
2026-04-10T21:00,13.8,0.00,5,89
2026-04-10T22:00,13.2,0.00,30,91
2026-04-10T23:00,12.8,0.00,5,92
2026-04-11T00:00,12.5,0.00,100,93
2026-04-11T01:00,12.8,0.00,99,92
2026-04-11T02:00,12.6,0.00,100,91
2026-04-11T03:00,12.4,0.00,100,90
2026-04-11T04:00,12.4,0.00,100,86
2026-04-11T05:00,12.6,0.00,100,83
2026-04-11T06:00,12.6,0.00,100,83
2026-04-11T07:00,12.9,0.00,100,85
2026-04-11T08:00,12.9,0.00,100,81
2026-04-11T09:00,13.6,0.00,100,74
2026-04-11T10:00,14.0,0.00,100,69
2026-04-11T11:00,15.4,0.00,98,62
2026-04-11T12:00,15.7,0.00,96,61
2026-04-11T13:00,15.8,0.00,100,59
2026-04-11T14:00,16.0,0.00,13,53
2026-04-11T15:00,15.1,0.00,4,57
2026-04-11T16:00,13.6,0.00,0,63
2026-04-11T17:00,12.5,0.00,0,67
2026-04-11T18:00,11.6,0.00,0,69
2026-04-11T19:00,10.9,0.00,0,70
2026-04-11T20:00,11.1,0.00,0,61
2026-04-11T21:00,10.5,0.00,0,54
2026-04-11T22:00,9.6,0.00,0,58
2026-04-11T23:00,9.1,0.00,0,59
2026-04-12T00:00,8.4,0.00,0,60
2026-04-12T01:00,8.0,0.00,37,60
2026-04-12T02:00,7.8,0.00,0,61
2026-04-12T03:00,7.8,0.00,0,61
2026-04-12T04:00,7.8,0.00,0,61
2026-04-12T05:00,7.6,0.00,0,63
2026-04-12T06:00,6.8,0.00,6,67
2026-04-12T07:00,7.2,0.00,12,68
2026-04-12T08:00,9.1,0.00,34,66
2026-04-12T09:00,10.7,0.00,43,64
2026-04-12T10:00,11.9,0.00,78,64
2026-04-12T11:00,12.4,0.00,48,63
2026-04-12T12:00,12.8,0.00,24,59
2026-04-12T13:00,13.2,0.00,6,58
2026-04-12T14:00,13.5,0.00,5,56
2026-04-12T15:00,13.3,0.00,1,56
2026-04-12T16:00,12.9,0.00,0,57
2026-04-12T17:00,12.6,0.00,6,58
2026-04-12T18:00,11.9,0.00,8,62
2026-04-12T19:00,10.9,0.00,7,70
2026-04-12T20:00,10.6,0.00,39,72
2026-04-12T21:00,10.2,0.00,34,75
2026-04-12T22:00,10.1,0.00,48,77
2026-04-12T23:00,9.9,0.00,70,80
2026-04-13T00:00,9.8,0.00,74,83
2026-04-13T01:00,9.1,0.20,58,88
2026-04-13T02:00,8.8,0.10,50,89
2026-04-13T03:00,8.8,0.00,91,90
2026-04-13T04:00,8.5,0.00,67,93
2026-04-13T05:00,8.3,0.00,100,92
2026-04-13T06:00,8.2,0.00,100,93
2026-04-13T07:00,9.1,0.30,100,92
2026-04-13T08:00,10.4,0.10,100,88
2026-04-13T09:00,11.4,0.30,100,85
2026-04-13T10:00,12.4,0.00,100,80
2026-04-13T11:00,12.4,0.20,100,80
2026-04-13T12:00,12.9,0.00,100,80
2026-04-13T13:00,13.3,0.10,100,76
2026-04-13T14:00,13.9,0.10,100,74
2026-04-13T15:00,13.8,0.00,100,76
2026-04-13T16:00,13.3,0.00,100,79
2026-04-13T17:00,13.2,0.10,100,80
2026-04-13T18:00,12.5,0.30,100,86
2026-04-13T19:00,12.3,0.40,100,90
2026-04-13T20:00,12.4,0.20,100,91
2026-04-13T21:00,12.3,0.30,100,93
2026-04-13T22:00,12.4,0.30,100,94
2026-04-13T23:00,12.4,0.00,100,95
2026-04-14T00:00,12.4,0.00,96,95
2026-04-14T01:00,12.2,0.00,100,95
2026-04-14T02:00,12.2,0.00,100,95
2026-04-14T03:00,12.3,0.00,100,96
2026-04-14T04:00,12.2,0.00,100,97
2026-04-14T05:00,12.3,0.00,100,97
2026-04-14T06:00,12.6,0.00,100,97
2026-04-14T07:00,13.1,0.20,100,92
2026-04-14T08:00,13.3,0.20,100,93
2026-04-14T09:00,13.8,0.10,100,92
2026-04-14T10:00,14.4,0.10,100,90
2026-04-14T11:00,15.1,0.20,100,86
2026-04-14T12:00,16.2,0.30,100,82
2026-04-14T13:00,16.2,0.30,97,82
2026-04-14T14:00,16.5,0.20,45,79
2026-04-14T15:00,16.5,0.10,55,79
2026-04-14T16:00,16.4,0.00,40,78
2026-04-14T17:00,15.9,0.00,34,81
2026-04-14T18:00,15.4,0.00,31,84
2026-04-14T19:00,14.2,0.00,14,92
2026-04-14T20:00,13.1,0.10,10,96
2026-04-14T21:00,12.9,0.00,2,97
2026-04-14T22:00,12.6,0.00,16,97
2026-04-14T23:00,12.1,0.00,38,98
2026-04-15T00:00,12.5,0.00,90,97
2026-04-15T01:00,12.2,0.00,40,98
2026-04-15T02:00,11.6,0.00,41,97
2026-04-15T03:00,11.0,0.00,66,98
2026-04-15T04:00,10.9,0.00,84,98
2026-04-15T05:00,10.5,0.00,95,97
2026-04-15T06:00,10.9,0.00,100,96
2026-04-15T07:00,11.6,0.00,100,96
2026-04-15T08:00,12.7,0.00,100,94
2026-04-15T09:00,13.6,0.10,100,92
2026-04-15T10:00,14.5,0.30,76,84
2026-04-15T11:00,15.8,0.00,34,76
2026-04-15T12:00,16.8,0.00,6,70
2026-04-15T13:00,17.0,0.00,13,67
2026-04-15T14:00,17.0,0.00,13,69
2026-04-15T15:00,16.5,0.00,13,72
2026-04-15T16:00,16.2,0.00,16,73
2026-04-15T17:00,15.8,0.00,44,76
2026-04-15T18:00,15.2,0.00,33,80
2026-04-15T19:00,14.2,0.00,66,88
2026-04-15T20:00,13.6,0.00,23,92
2026-04-15T21:00,13.4,0.00,51,93
2026-04-15T22:00,13.0,0.00,27,94
2026-04-15T23:00,12.4,0.00,13,94
2026-04-16T00:00,11.9,0.00,9,94
2026-04-16T01:00,11.5,0.00,14,96
2026-04-16T02:00,11.2,0.00,20,95
2026-04-16T03:00,11.6,0.00,100,95
2026-04-16T04:00,11.6,0.00,100,95
2026-04-16T05:00,11.4,0.00,100,96
2026-04-16T06:00,11.1,0.00,67,97
2026-04-16T07:00,11.2,0.00,64,97
2026-04-16T08:00,12.4,0.00,77,96
2026-04-16T09:00,14.9,0.00,27,84
2026-04-16T10:00,16.5,0.00,44,72
2026-04-16T11:00,17.2,0.00,16,70
2026-04-16T12:00,16.8,0.00,38,78
2026-04-16T13:00,17.0,0.00,96,76
2026-04-16T14:00,16.9,0.00,99,72
2026-04-16T15:00,16.7,0.00,100,70
2026-04-16T16:00,16.2,0.00,100,71
2026-04-16T17:00,15.4,0.00,90,73
2026-04-16T18:00,14.6,0.00,2,77
2026-04-16T19:00,13.5,0.00,91,85
2026-04-16T20:00,12.6,0.00,99,89
2026-04-16T21:00,12.1,0.00,98,88
2026-04-16T22:00,11.6,0.00,98,88
2026-04-16T23:00,11.2,0.00,99,88
2026-04-17T00:00,10.8,0.00,99,92
2026-04-17T01:00,10.4,0.00,100,94
2026-04-17T02:00,9.8,0.00,100,96
2026-04-17T03:00,9.5,0.00,100,96
2026-04-17T04:00,9.1,0.00,99,98
2026-04-17T05:00,8.6,0.00,100,100
2026-04-17T06:00,8.6,0.00,100,99
2026-04-17T07:00,9.6,0.00,100,98
2026-04-17T08:00,11.4,0.00,100,94
2026-04-17T09:00,13.6,0.00,100,87
2026-04-17T10:00,15.2,0.00,100,79
2026-04-17T11:00,16.3,0.00,100,75
2026-04-17T12:00,17.4,0.00,100,72
2026-04-17T13:00,17.8,0.00,100,69
2026-04-17T14:00,17.9,0.00,100,67
2026-04-17T15:00,17.6,0.00,100,66
2026-04-17T16:00,17.1,0.00,100,69
2026-04-17T17:00,16.1,0.00,100,75
2026-04-17T18:00,15.0,0.00,100,80
2026-04-17T19:00,13.8,0.00,54,87
2026-04-17T20:00,12.9,0.00,43,89
2026-04-17T21:00,12.3,0.00,38,90
2026-04-17T22:00,11.2,0.00,100,93
2026-04-17T23:00,10.9,0.00,76,95
2026-04-18T00:00,10.4,0.00,90,97
2026-04-18T01:00,10.1,0.00,98,98
2026-04-18T02:00,9.8,0.00,98,99
2026-04-18T03:00,9.7,0.00,88,99
2026-04-18T04:00,9.6,0.00,22,99
2026-04-18T05:00,9.6,0.00,0,98
2026-04-18T06:00,9.8,0.00,0,97
2026-04-18T07:00,10.9,0.00,0,95
2026-04-18T08:00,13.9,0.00,0,88
2026-04-18T09:00,17.1,0.00,0,78
2026-04-18T10:00,19.4,0.00,0,72
2026-04-18T11:00,20.9,0.00,4,71
2026-04-18T12:00,19.9,0.00,9,78
2026-04-18T13:00,20.4,0.00,29,75
2026-04-18T14:00,20.8,0.00,16,70
2026-04-18T15:00,21.0,0.00,16,65
2026-04-18T16:00,20.9,0.00,7,65
2026-04-18T17:00,20.3,0.00,6,69
2026-04-18T18:00,18.9,0.00,3,72
2026-04-18T19:00,18.0,0.00,2,81
2026-04-18T20:00,16.9,0.00,1,87
2026-04-18T21:00,16.2,0.00,27,88
2026-04-18T22:00,15.8,0.00,3,86
2026-04-18T23:00,15.4,0.00,9,85
2026-04-19T00:00,14.4,0.00,1,88
2026-04-19T01:00,13.9,0.00,0,89
2026-04-19T02:00,13.1,0.00,0,92
2026-04-19T03:00,12.9,0.00,0,92
2026-04-19T04:00,12.8,0.00,0,92
2026-04-19T05:00,12.1,0.00,0,92
2026-04-19T06:00,11.9,0.00,0,93
2026-04-19T07:00,13.1,0.00,0,91
2026-04-19T08:00,15.8,0.00,0,82
2026-04-19T09:00,17.7,0.00,2,78
2026-04-19T10:00,18.6,0.00,77,76
2026-04-19T11:00,19.0,0.00,63,76
2026-04-19T12:00,19.3,0.00,98,74
2026-04-19T13:00,19.8,0.00,100,71
2026-04-19T14:00,19.8,0.00,99,71
2026-04-19T15:00,18.5,0.00,91,78
2026-04-19T16:00,18.0,0.00,9,75
2026-04-19T17:00,17.4,0.00,15,72
2026-04-19T18:00,16.6,0.00,92,74
2026-04-19T19:00,15.6,0.00,12,81
2026-04-19T20:00,14.4,0.00,13,91
2026-04-19T21:00,13.9,0.00,12,94
2026-04-19T22:00,13.1,0.00,14,97
2026-04-19T23:00,12.4,0.00,27,99
2026-04-20T00:00,12.4,0.00,100,100
2026-04-20T01:00,12.1,0.00,100,100
2026-04-20T02:00,11.8,0.00,100,100
2026-04-20T03:00,11.2,0.00,100,100
2026-04-20T04:00,10.8,0.00,100,100
2026-04-20T05:00,10.3,0.00,100,100
2026-04-20T06:00,9.9,0.00,100,99
2026-04-20T07:00,11.6,0.00,96,94
2026-04-20T08:00,15.1,0.00,86,84
2026-04-20T09:00,18.4,0.00,100,74
2026-04-20T10:00,18.4,0.00,100,76
2026-04-20T11:00,18.1,0.00,100,76
2026-04-20T12:00,17.5,0.00,100,72
2026-04-20T13:00,18.8,0.00,99,67
2026-04-20T14:00,20.2,0.00,100,60
2026-04-20T15:00,20.6,0.00,100,60
2026-04-20T16:00,20.5,0.00,100,59
2026-04-20T17:00,20.6,0.00,100,60
2026-04-20T18:00,19.0,0.00,100,67
2026-04-20T19:00,16.6,0.00,98,82
2026-04-20T20:00,15.5,0.00,92,91
2026-04-20T21:00,15.9,0.00,89,83
2026-04-20T22:00,16.4,0.00,98,74
2026-04-20T23:00,17.4,0.00,91,59
2026-04-21T00:00,19.2,0.00,100,55
2026-04-21T01:00,19.4,0.00,100,56
2026-04-21T02:00,19.1,0.00,100,57
2026-04-21T03:00,21.1,0.00,98,44
2026-04-21T04:00,21.9,0.00,98,39
2026-04-21T05:00,22.1,0.00,100,38
2026-04-21T06:00,22.0,0.00,100,41
2026-04-21T07:00,23.5,0.00,100,34
2026-04-21T08:00,25.0,0.00,86,32
2026-04-21T09:00,21.1,0.00,63,51
2026-04-21T10:00,19.9,0.00,73,58
2026-04-21T11:00,21.5,0.00,84,53
2026-04-21T12:00,24.8,0.00,98,47
2026-04-21T13:00,20.3,0.00,91,65
2026-04-21T14:00,19.0,0.10,94,73
2026-04-21T15:00,19.0,1.00,100,70
2026-04-21T16:00,16.8,6.40,98,84
2026-04-21T17:00,16.9,1.00,100,84
2026-04-21T18:00,16.3,0.20,100,85
2026-04-21T19:00,15.2,0.20,100,87
2026-04-21T20:00,14.4,0.10,100,86
2026-04-21T21:00,13.9,0.00,100,85
2026-04-21T22:00,13.8,0.00,100,85
2026-04-21T23:00,13.7,0.00,100,84
2026-04-22T00:00,13.8,0.10,100,83
2026-04-22T01:00,13.5,0.20,100,85
2026-04-22T02:00,13.4,0.10,100,83
2026-04-22T03:00,13.4,0.00,100,82
2026-04-22T04:00,13.3,0.00,96,81
2026-04-22T05:00,12.4,0.00,97,85
2026-04-22T06:00,12.2,0.00,76,88
2026-04-22T07:00,13.1,0.00,64,85
2026-04-22T08:00,14.5,0.00,42,75
2026-04-22T09:00,15.8,0.00,75,65
2026-04-22T10:00,16.8,0.00,27,56
2026-04-22T11:00,17.8,0.00,66,53
2026-04-22T12:00,18.1,0.00,68,53
2026-04-22T13:00,18.0,0.00,1,60
2026-04-22T14:00,18.0,0.00,0,60
2026-04-22T15:00,17.5,0.00,2,59
2026-04-22T16:00,17.4,0.00,1,58
2026-04-22T17:00,16.7,0.00,100,60
2026-04-22T18:00,15.9,0.00,99,62
2026-04-22T19:00,15.2,0.00,81,69
2026-04-22T20:00,14.4,0.00,98,77
2026-04-22T21:00,13.9,0.00,100,81
2026-04-22T22:00,13.1,0.00,100,86
2026-04-22T23:00,12.9,0.00,100,85
2026-04-23T00:00,12.5,0.00,100,87
2026-04-23T01:00,12.4,0.00,100,84
2026-04-23T02:00,12.1,0.00,100,81
2026-04-23T03:00,12.0,0.00,100,78
2026-04-23T04:00,11.8,0.00,100,78
2026-04-23T05:00,11.4,0.00,100,83
2026-04-23T06:00,11.6,0.00,99,84
2026-04-23T07:00,12.8,0.00,100,81
2026-04-23T08:00,15.2,0.00,100,76
2026-04-23T09:00,17.2,0.00,100,68
2026-04-23T10:00,18.6,0.00,100,63
2026-04-23T11:00,19.4,0.00,100,61
2026-04-23T12:00,18.9,0.00,100,60
2026-04-23T13:00,18.6,0.00,100,59
2026-04-23T14:00,18.1,0.00,100,59
2026-04-23T15:00,17.9,0.00,100,59
2026-04-23T16:00,17.6,0.00,100,60
2026-04-23T17:00,16.5,0.00,100,66
2026-04-23T18:00,15.9,0.00,100,71
2026-04-23T19:00,15.2,0.00,100,77
2026-04-23T20:00,14.6,0.00,100,83
2026-04-23T21:00,14.2,0.00,98,89
2026-04-23T22:00,13.8,0.00,99,91
2026-04-23T23:00,13.5,0.00,98,92
2026-04-24T00:00,13.2,0.00,59,94
2026-04-24T01:00,12.9,0.00,85,95
2026-04-24T02:00,12.7,0.00,92,96
2026-04-24T03:00,12.4,0.00,90,97
2026-04-24T04:00,12.2,0.00,80,98
2026-04-24T05:00,11.9,0.00,100,99
2026-04-24T06:00,11.4,0.00,100,100
2026-04-24T07:00,12.0,0.00,80,97
2026-04-24T08:00,14.9,0.00,17,77
2026-04-24T09:00,16.8,0.00,0,64
2026-04-24T10:00,18.2,0.00,17,58
2026-04-24T11:00,18.9,0.00,19,59
2026-04-24T12:00,19.1,0.00,0,61
2026-04-24T13:00,18.6,0.00,0,62
2026-04-24T14:00,19.0,0.00,0,60
2026-04-24T15:00,19.0,0.00,0,60
2026-04-24T16:00,18.2,0.00,0,69
2026-04-24T17:00,17.2,0.00,0,75
2026-04-24T18:00,16.6,0.00,16,81
2026-04-24T19:00,15.8,0.00,16,85
2026-04-24T20:00,14.9,0.00,0,90
2026-04-24T21:00,14.4,0.00,0,91
2026-04-24T22:00,14.0,0.00,0,92
2026-04-24T23:00,13.4,0.00,0,93
2026-04-25T00:00,13.2,0.00,0,92
2026-04-25T01:00,12.9,0.00,0,93
2026-04-25T02:00,12.4,0.00,0,94
2026-04-25T03:00,11.9,0.00,0,96
2026-04-25T04:00,11.6,0.00,4,97
2026-04-25T05:00,11.6,0.00,0,97
2026-04-25T06:00,11.9,0.00,0,97
2026-04-25T07:00,13.1,0.00,0,91
2026-04-25T08:00,15.6,0.00,0,80
2026-04-25T09:00,18.2,0.00,5,69
2026-04-25T10:00,20.1,0.00,4,64
2026-04-25T11:00,21.1,0.00,14,62
2026-04-25T12:00,21.2,0.00,34,61
2026-04-25T13:00,21.5,0.00,30,61
2026-04-25T14:00,21.6,0.00,21,59
2026-04-25T15:00,21.2,0.00,69,60
2026-04-25T16:00,20.6,0.00,52,63
2026-04-25T17:00,19.6,0.00,61,68
2026-04-25T18:00,19.1,0.00,55,72
2026-04-25T19:00,18.0,0.00,9,76
2026-04-25T20:00,16.8,0.00,65,82
2026-04-25T21:00,16.5,0.00,100,82
2026-04-25T22:00,16.0,0.00,100,87
2026-04-25T23:00,15.9,0.00,100,87
2026-04-26T00:00,15.4,0.00,73,90
2026-04-26T01:00,14.8,0.00,99,93
2026-04-26T02:00,14.6,0.00,95,94
2026-04-26T03:00,14.6,0.00,61,93
2026-04-26T04:00,14.4,0.00,15,93
2026-04-26T05:00,14.4,0.00,67,91
2026-04-26T06:00,14.2,0.00,98,92
2026-04-26T07:00,15.4,0.00,100,87
2026-04-26T08:00,17.2,0.00,99,79
2026-04-26T09:00,19.6,0.00,66,70
2026-04-26T10:00,21.5,0.00,87,64
2026-04-26T11:00,22.1,0.00,88,62
2026-04-26T12:00,21.9,0.00,58,64
2026-04-26T13:00,22.5,0.00,17,62
2026-04-26T14:00,22.6,0.00,16,63
2026-04-26T15:00,22.2,0.00,16,64
2026-04-26T16:00,21.8,0.00,14,65
2026-04-26T17:00,21.4,0.00,5,68
2026-04-26T18:00,20.5,0.00,4,73
2026-04-26T19:00,18.8,0.00,2,80
2026-04-26T20:00,17.5,0.00,2,86
2026-04-26T21:00,17.0,0.00,1,90
2026-04-26T22:00,16.8,0.00,1,92
2026-04-26T23:00,16.5,0.00,1,94
2026-04-27T00:00,16.1,0.00,0,90
2026-04-27T01:00,15.9,0.00,0,93
2026-04-27T02:00,15.7,0.00,0,94
2026-04-27T03:00,15.4,0.00,0,96
2026-04-27T04:00,15.1,0.00,0,97
2026-04-27T05:00,15.0,0.00,0,95
2026-04-27T06:00,14.7,0.00,0,97
2026-04-27T07:00,16.2,0.00,0,89
2026-04-27T08:00,19.3,0.00,0,75
2026-04-27T09:00,22.4,0.00,0,63
2026-04-27T10:00,24.2,0.00,2,57
2026-04-27T11:00,24.6,0.00,20,56
2026-04-27T12:00,24.6,0.00,9,55
2026-04-27T13:00,23.8,0.00,14,56
2026-04-27T14:00,24.7,0.00,7,55
2026-04-27T15:00,24.9,0.00,3,58
2026-04-27T16:00,26.1,0.00,16,45
2026-04-27T17:00,26.1,0.00,68,42
2026-04-27T18:00,23.2,0.00,94,66
2026-04-27T19:00,22.5,0.00,83,73
2026-04-27T20:00,21.1,0.00,98,82
2026-04-27T21:00,20.4,0.00,99,87
2026-04-27T22:00,19.9,0.00,95,86
2026-04-27T23:00,19.4,0.00,100,84
2026-04-28T00:00,18.3,0.00,100,85
2026-04-28T01:00,17.9,0.00,95,83
2026-04-28T02:00,17.7,0.00,16,76
2026-04-28T03:00,17.7,0.00,70,69
2026-04-28T04:00,17.8,0.00,100,67
2026-04-28T05:00,17.8,0.00,100,68
2026-04-28T06:00,18.0,0.00,92,69
2026-04-28T07:00,18.9,0.00,66,66
2026-04-28T08:00,20.9,0.00,59,60
2026-04-28T09:00,23.0,0.00,55,52
2026-04-28T10:00,24.5,0.00,46,47
2026-04-28T11:00,24.9,0.00,50,47
2026-04-28T12:00,24.1,0.20,48,52
2026-04-28T13:00,24.0,0.00,74,58
2026-04-28T14:00,23.0,0.00,77,62
2026-04-28T15:00,22.7,0.00,99,63
2026-04-28T16:00,21.6,0.00,100,68
2026-04-28T17:00,21.4,0.00,70,71
2026-04-28T18:00,22.0,0.00,77,62
2026-04-28T19:00,21.2,0.00,42,63
2026-04-28T20:00,20.0,0.00,100,69
2026-04-28T21:00,19.0,0.00,88,73
2026-04-28T22:00,18.5,0.00,33,76
2026-04-28T23:00,17.5,0.00,55,81
2026-04-29T00:00,17.3,0.00,88,89
2026-04-29T01:00,16.7,0.00,69,92
2026-04-29T02:00,16.0,0.00,99,97
2026-04-29T03:00,14.8,0.90,100,99
2026-04-29T04:00,14.9,6.80,100,97
2026-04-29T05:00,14.9,0.60,99,96
2026-04-29T06:00,15.3,0.20,100,98
2026-04-29T07:00,15.4,0.10,100,97
2026-04-29T08:00,15.3,0.70,100,93
2026-04-29T09:00,15.6,1.70,100,89
2026-04-29T10:00,16.8,0.20,100,82
2026-04-29T11:00,17.6,0.10,100,78
2026-04-29T12:00,17.5,0.10,100,78
2026-04-29T13:00,17.1,0.70,88,79
2026-04-29T14:00,17.5,0.10,80,74
2026-04-29T15:00,17.1,0.00,88,78
2026-04-29T16:00,16.6,0.20,100,81
2026-04-29T17:00,16.0,0.40,100,83
2026-04-29T18:00,16.0,0.30,41,81
2026-04-29T19:00,15.3,0.20,25,84
2026-04-29T20:00,14.7,0.10,21,89
2026-04-29T21:00,14.4,0.10,20,91
2026-04-29T22:00,14.1,0.00,24,92
2026-04-29T23:00,13.8,0.10,45,93
2026-04-30T00:00,13.9,0.20,94,94
2026-04-30T01:00,14.2,0.20,97,94
2026-04-30T02:00,13.9,0.10,63,95
2026-04-30T03:00,13.5,0.10,94,96
2026-04-30T04:00,13.6,0.10,83,94
2026-04-30T05:00,13.4,0.00,77,95
2026-04-30T06:00,13.4,0.00,48,95
2026-04-30T07:00,14.2,0.00,61,89
2026-04-30T08:00,15.4,0.10,54,81
2026-04-30T09:00,16.2,0.10,56,76
2026-04-30T10:00,16.9,0.30,99,72
2026-04-30T11:00,17.3,0.20,98,71
2026-04-30T12:00,17.9,0.20,100,66
2026-04-30T13:00,17.9,0.10,93,68
2026-04-30T14:00,17.8,0.10,98,70
2026-04-30T15:00,17.8,0.00,100,69
2026-04-30T16:00,17.4,0.00,100,72
2026-04-30T17:00,17.0,0.00,100,75
2026-04-30T18:00,16.5,0.00,100,77
2026-04-30T19:00,15.6,0.00,100,82
2026-04-30T20:00,15.0,0.00,99,88
2026-04-30T21:00,14.6,0.00,94,88
2026-04-30T22:00,14.0,0.00,87,92
2026-04-30T23:00,13.6,0.00,11,93
2026-05-01T00:00,13.4,0.00,5,92
2026-05-01T01:00,12.9,0.00,20,95
2026-05-01T02:00,12.6,0.00,45,94
2026-05-01T03:00,12.3,0.00,100,94
2026-05-01T04:00,12.1,0.00,96,94
2026-05-01T05:00,11.8,0.00,91,95
2026-05-01T06:00,11.9,0.00,98,98
2026-05-01T07:00,13.2,0.00,98,95
2026-05-01T08:00,15.2,0.00,100,89
2026-05-01T09:00,16.9,0.00,99,79
2026-05-01T10:00,17.8,0.00,98,72
2026-05-01T11:00,17.7,0.00,100,73
2026-05-01T12:00,17.7,0.00,100,68
2026-05-01T13:00,18.5,0.00,99,64
2026-05-01T14:00,18.4,0.00,100,62
2026-05-01T15:00,18.5,0.00,100,60
2026-05-01T16:00,18.0,0.00,99,63
2026-05-01T17:00,17.5,0.00,96,65
2026-05-01T18:00,17.0,0.00,100,66
2026-05-01T19:00,16.0,0.00,100,74
2026-05-01T20:00,15.3,0.00,100,83
2026-05-01T21:00,15.0,0.00,99,85
2026-05-01T22:00,14.3,0.00,57,88
2026-05-01T23:00,13.9,0.00,99,88
2026-05-02T00:00,13.5,0.00,100,92
2026-05-02T01:00,13.4,0.00,100,92
2026-05-02T02:00,13.1,0.00,14,94
2026-05-02T03:00,12.2,0.00,16,95
2026-05-02T04:00,11.9,0.90,38,93
2026-05-02T05:00,11.6,0.10,54,95
2026-05-02T06:00,12.1,0.00,91,92
2026-05-02T07:00,13.4,5.30,95,91
2026-05-02T08:00,14.6,3.70,100,90
2026-05-02T09:00,14.8,0.30,91,82
2026-05-02T10:00,15.9,0.20,100,75
2026-05-02T11:00,16.3,0.20,99,77
2026-05-02T12:00,16.4,0.10,48,73
2026-05-02T13:00,17.4,0.10,38,74
2026-05-02T14:00,17.6,0.00,50,72
2026-05-02T15:00,17.6,0.00,42,74
2026-05-02T16:00,17.4,0.10,13,74
2026-05-02T17:00,17.0,0.20,24,75
2026-05-02T18:00,16.7,0.10,91,79
2026-05-02T19:00,14.9,1.50,91,85
2026-05-02T20:00,13.9,0.40,99,91
2026-05-02T21:00,14.1,0.20,99,90
2026-05-02T22:00,13.9,0.20,100,92
2026-05-02T23:00,13.9,0.30,84,92
2026-05-03T00:00,13.4,0.10,93,96
2026-05-03T01:00,13.6,0.10,57,93
2026-05-03T02:00,13.4,0.20,47,95
2026-05-03T03:00,13.0,0.20,64,95
2026-05-03T04:00,12.9,0.10,77,95
2026-05-03T05:00,12.9,0.40,88,95
2026-05-03T06:00,13.0,0.30,68,96
2026-05-03T07:00,13.6,1.00,96,88
2026-05-03T08:00,13.9,0.60,95,85
2026-05-03T09:00,14.4,0.10,100,86
2026-05-03T10:00,14.1,0.40,88,87
2026-05-03T11:00,15.2,0.10,63,78
2026-05-03T12:00,14.9,0.20,41,84
2026-05-03T13:00,17.0,0.00,23,73
2026-05-03T14:00,16.9,0.00,42,72
2026-05-03T15:00,16.5,0.10,20,72
2026-05-03T16:00,16.0,0.00,15,74
2026-05-03T17:00,15.6,0.00,12,73
2026-05-03T18:00,15.1,0.00,20,72
2026-05-03T19:00,14.2,0.00,19,78
2026-05-03T20:00,13.4,0.00,16,82
2026-05-03T21:00,13.1,0.00,20,85
2026-05-03T22:00,12.9,0.00,22,86
2026-05-03T23:00,12.4,0.00,50,88
2026-05-04T00:00,12.6,0.00,29,87
2026-05-04T01:00,12.4,0.20,65,87
2026-05-04T02:00,12.1,0.10,53,88
2026-05-04T03:00,12.0,0.00,54,88
2026-05-04T04:00,12.0,0.00,30,87
2026-05-04T05:00,11.8,0.00,34,87
2026-05-04T06:00,11.6,0.00,64,85
2026-05-04T07:00,12.8,0.00,27,80
2026-05-04T08:00,14.1,0.00,22,74
2026-05-04T09:00,15.1,0.00,37,69
2026-05-04T10:00,15.6,0.00,13,65
2026-05-04T11:00,16.1,0.10,9,63
2026-05-04T12:00,16.1,0.10,8,60
2026-05-04T13:00,16.2,0.00,9,59
2026-05-04T14:00,15.9,0.10,6,61
2026-05-04T15:00,15.9,0.00,13,60
2026-05-04T16:00,15.5,0.20,24,61
2026-05-04T17:00,15.1,0.10,14,63
2026-05-04T18:00,14.6,0.00,16,63
2026-05-04T19:00,13.9,0.00,30,66
2026-05-04T20:00,13.1,0.00,34,73
2026-05-04T21:00,12.4,0.10,51,78
2026-05-04T22:00,12.2,0.00,12,82
2026-05-04T23:00,11.8,0.00,23,85
2026-05-05T00:00,11.6,0.00,31,88
2026-05-05T01:00,11.2,0.00,41,90
2026-05-05T02:00,10.8,0.10,38,92
2026-05-05T03:00,11.1,0.10,65,90
2026-05-05T04:00,10.5,0.00,68,91
2026-05-05T05:00,10.5,0.10,22,90
2026-05-05T06:00,10.9,0.00,54,90
2026-05-05T07:00,11.9,0.00,26,84
2026-05-05T08:00,12.9,0.10,51,78
2026-05-05T09:00,13.9,0.10,40,72
2026-05-05T10:00,14.9,0.20,32,66
2026-05-05T11:00,15.6,0.10,36,62
2026-05-05T12:00,15.6,0.20,24,66
2026-05-05T13:00,16.1,0.10,14,62
2026-05-05T14:00,16.2,0.10,18,62
2026-05-05T15:00,16.0,0.10,22,63
2026-05-05T16:00,15.8,0.10,13,65
2026-05-05T17:00,15.4,0.00,16,66
2026-05-05T18:00,14.9,0.00,16,70
2026-05-05T19:00,14.2,0.00,16,73
2026-05-05T20:00,13.6,0.00,12,77
2026-05-05T21:00,13.2,0.00,13,79
2026-05-05T22:00,12.8,0.00,12,81
2026-05-05T23:00,12.4,0.00,10,83
2026-05-06T00:00,12.1,0.00,9,86
2026-05-06T01:00,11.8,0.00,13,88
2026-05-06T02:00,11.3,0.00,5,90
2026-05-06T03:00,10.7,0.00,1,92
2026-05-06T04:00,10.3,0.00,0,92
2026-05-06T05:00,9.9,0.00,0,94
2026-05-06T06:00,9.7,0.00,20,95
2026-05-06T07:00,11.1,0.00,27,92
2026-05-06T08:00,13.3,0.00,1,81
2026-05-06T09:00,15.1,0.00,1,71
2026-05-06T10:00,16.4,0.00,6,63
2026-05-06T11:00,17.0,0.00,9,61
2026-05-06T12:00,17.6,0.10,46,51
2026-05-06T13:00,17.9,0.10,99,51
2026-05-06T14:00,17.5,0.10,77,55
2026-05-06T15:00,17.0,0.00,17,59
2026-05-06T16:00,16.6,0.00,20,63
2026-05-06T17:00,16.5,0.00,25,62
2026-05-06T18:00,16.3,0.00,17,64
2026-05-06T19:00,15.5,0.00,21,72
2026-05-06T20:00,14.5,0.00,16,78
2026-05-06T21:00,13.9,0.00,22,82
2026-05-06T22:00,13.4,0.00,20,83
2026-05-06T23:00,12.4,0.00,44,87
